wv2_B1_M,wv2_B1_S,wv2_B2_M,wv2_B2_S,wv2_B3_M,wv2_B3_S,wv2_B4_M,wv2_B4_S,wv2_B5_M,wv2_B5_S,wv2_B6_M,wv2_B6_S,wv2_B7_M,wv2_B7_S,wv2_B8_M,wv2_B8_S,sno_B1_M,sno_B1_S,sno_B2_M,sno_B2_S,sno_B3_M,sno_B3_S,sno_B4_M,sno_B4_S,sno_B5_M,sno_B5_S,sno_B6_M,sno_B6_S,sno_B7_M,sno_B7_S,sno_B8_M,sno_B8_S,mos_B1_M,mos_B1_S,mos_B2_M,mos_B2_S,mos_B3_M,mos_B3_S,mos_B4_M,mos_B4_S,f1_slope_M,f1_slope_S,f1_dtm_MEA,f1_dtm_STD,f1_dsm_MEA,f1_dsm_STD,f1_chm_MEA,f1_chm_STD,f2_slope_M,f2_slope_S,f2_dtm_MEA,f2_dtm_STD,f2_dsm_MEA,f2_dsm_STD,f2_chm_MEA,f2_chm_STD,dtm_dif_ME,dtm_dif_ST,f1_int_M,f1_int_S,f2_int_M,f2_int_S,wv2_ndvi_M,wv2_ndvi_S,sno_ndvi_M,sno_ndvi_S,mos_ndvi_M,mos_ndvi_S,wv2_ndwi_M,wv2_ndwi_S,sno_ndwi_M,sno_ndwi_S,mos_ndwi_M,mos_ndwi_S,wv2_ci_g_M,wv2_ci_g_S,wv2_ci_r_M,wv2_ci_r_S,sno_ci_g_M,sno_ci_g_S,sno_ci_r_M,sno_ci_r_S,mos_ci_g_M,mos_ci_g_S,wv2_savi_M,wv2_savi_S,sno_savi_M,sno_savi_S,mos_savi_M,mos_savi_S,Class
317.6432161,1.321770439,375.5678392,8.659625652,461.4572864,13.50849108,346.7487437,7.273355099,213.6633166,4.855935709,489.8241206,23.31700312,469.3316583,30.46293658,463.160804,29.72764599,212.3921569,1.160264192,215.6176471,2.42957318,220.1813725,0.875284872,216.5637255,1.080512697,217.122549,1.224617336,208.9460784,1.376281689,204.5980392,1.616458268,196.8039216,3.032630437,229.6407374,1.554170126,233.2504496,1.610651867,232.9172662,1.436105748,225.8120504,1.117920782,1.307216522,0.738435135,199.3188114,0.011350826,199.3216952,0.011827868,0.002883836,0.004116265,1.123276808,0.495472798,199.097788,0.010409147,199.1034039,0.010256607,0.005615833,0.004114121,0.221023335,0.009519748,160.1730769,5.052498064,140.75,4.539887325,0.373263455,0.024687663,-0.029705943,0.003178435,-0.01548516,0.002458611,-0.007599228,0.019761014,0.036696874,0.003547942,0.016197045,0.002719435,0.016103305,0.0396098,-0.042626517,0.01817539,-0.070773138,0.006610516,-0.020812253,0.003568146,-0.031863321,0.005403048,0.559485808,0.037021822,-0.044506133,0.004761875,-0.023202455,0.003683843,26
325.1641791,0.986430546,380.6766169,2.205804306,467.3383085,10.28329927,372.2985075,15.53780329,242.7512438,8.914062396,566.8955224,23.00365599,542.5024876,25.00012425,517.7114428,19.1091736,218.0149254,1.622226257,219.4378109,0.808759989,219.9402985,1.329503671,217.0895522,0.699637645,215.199005,1.060460336,206.0149254,0.938282606,196.0348259,0.649363327,183.9402985,1.362766396,186.6798561,35.99450434,182.2733813,43.30676186,177.2266187,50.34521914,193.2117806,27.02782382,2.421756177,1.340901809,200.4849105,0.042105142,200.5032763,0.114699353,0.018365813,0.119750933,2.165336484,0.769025478,200.1979982,0.030009035,200.2389377,0.18992414,0.040939483,0.191978231,0.286912301,0.020553255,160.56,10.6848678,133.62,20.16223202,0.381431173,0.017541996,-0.046598038,0.0024633,0.059945614,0.090742852,-0.073973476,0.026173878,0.057461935,0.002036782,-0.038966574,0.062972637,0.16147098,0.060369596,-0.043189143,0.011239448,-0.108671955,0.003647238,-0.048427132,0.004739166,0.091118383,0.154434219,0.571782382,0.026301967,-0.069812181,0.003690577,0.089752896,0.135870727,21
318.7538462,2.740189602,364.6666667,9.522263611,435.2512821,12.45436535,321.0717949,17.12502965,205.1794872,11.05248967,468.2871795,12.78138028,465.2820513,12.62871924,474.4564103,11.38113137,223.5270936,1.32910019,227.6157635,0.842321319,231.4039409,1.284382981,227.9753695,1.163646484,227.6847291,0.578015375,217.2167488,1.101863746,213.0344828,0.88434279,206.3004926,2.272853235,206.3442697,34.98192335,207.8310112,39.04826435,209.3438202,39.10276853,209.3833708,23.7508792,1.883474216,0.706001218,201.7285781,0.031430858,201.7315206,0.032133688,0.002942541,0.004025019,2.104241831,0.852273718,201.4480275,0.037066617,201.4573506,0.036894331,0.00932312,0.011832092,0.280550576,0.010010596,160.5769231,5.936672708,149.9230769,6.378588444,0.388314339,0.01247701,-0.033244301,0.00146577,0.007868056,0.056945057,-0.033365237,0.005456014,0.041328155,0.002637359,-0.011437244,0.055338065,0.069098636,0.011487181,-0.006377796,0.00876499,-0.079363545,0.00486131,-0.0192442,0.003295111,0.030410275,0.130185343,0.582036537,0.018689774,-0.049809936,0.002196062,0.011767743,0.085267829,23
307.2686567,3.128661069,348.60199,10.89300273,428.2985075,13.09135326,301.6467662,21.28483921,185.920398,21.47504932,495.4129353,22.70454032,514.3830846,42.68253179,507.1691542,29.35934922,136.4134615,15.67862986,135.7451923,19.59364781,138.8701923,18.78285521,138.1394231,18.25262846,137.2740385,20.8941218,153.8125,15.3794455,155.3701923,11.60663255,157.1730769,8.014940745,111.7798742,12.53649011,98.00224618,13.48209336,76.15229111,13.71837412,156.8953279,11.63924279,3.020803514,1.896298213,201.8162711,0.027328806,203.5139676,3.724326448,1.697696466,3.725705476,2.510288734,1.44702013,201.6362277,0.030394501,203.4435726,3.817214498,1.807344877,3.806525576,0.180043441,0.034892003,133.4583333,30.94683501,160.1666667,41.12092601,0.466921911,0.074549201,0.065988734,0.039721061,0.350079354,0.080601909,-0.089597805,0.047001273,-0.059136744,0.033536949,-0.233918089,0.057070646,0.202802464,0.115751927,0.036965956,0.050454925,0.128426735,0.076304527,0.012739885,0.029039912,0.626870844,0.218947368,0.69988466,0.111757947,0.098801978,0.059463672,0.523974241,0.120584465,27
289.715,3.552995215,307.585,5.412280019,345.835,18.59913372,212.56,10.35356943,116.405,7.508060668,347.605,34.50302849,357.715,46.71213734,342.505,42.08930951,88.65,10.0676462,90.65,7.449664422,91.19,6.182548018,93.405,9.003942192,89.225,7.071377164,106.07,7.093313753,110.17,4.28615212,114.575,7.088326671,145.2386517,36.92850229,149.5474157,36.91008965,146.8485393,45.85809062,176.0103371,20.17655511,1.998974966,1.456851911,200.2787866,0.026112503,208.2386883,4.115703009,7.959901657,4.10820696,1.889520695,1.133305933,200.0370252,0.020178394,208.3639052,4.024613887,8.326879959,4.017314404,0.241761398,0.020458277,35.39215686,20.80637009,40.92156863,29.64154685,0.505652058,0.029321095,0.105986865,0.044647322,0.112252214,0.149973021,-0.012842542,0.044272657,-0.094866735,0.036963898,-0.093726294,0.097683415,0.029932835,0.087358629,0.02548286,0.043317473,0.213333711,0.091070101,0.041036402,0.041888147,0.2362463,0.277187441,0.757672999,0.04403381,0.158578537,0.066794101,0.168048058,0.224499332,33
298.15,3.821975929,328.06,7.935767134,375.01,15.99718413,246,16.98587649,141.07,11.26521638,380.52,26.24289618,391.37,19.92217609,376.56,32.77142658,67.91542289,8.555223649,70.3880597,8.899586704,70.71641791,5.427420624,66.68159204,4.757618604,65.09950249,5.853947917,91.27363184,7.330149778,101.3034826,9.067049184,107.5920398,12.48890996,137.9716472,25.89175708,141.639964,28.79024965,134.9986499,43.72448206,172.4459946,14.90707821,3.321764699,2.529700435,199.8932701,0.041741284,211.188364,4.648451612,11.2950939,4.65859408,2.752801218,1.708069604,199.6736485,0.03625273,211.3119677,4.875604535,11.63831918,4.880555758,0.219621573,0.021976744,69.68,32.94871166,61.4,32.57974831,0.470692309,0.018283813,0.216954567,0.042273381,0.142884436,0.177170613,-0.021141001,0.007233584,-0.176629862,0.058832224,-0.105517075,0.104234357,0.04330521,0.014885352,0.030258554,0.035210938,0.441790477,0.178664009,0.109392406,0.035237939,0.268282476,0.279033735,0.705372911,0.027375855,0.324455072,0.063238624,0.213916989,0.265250283,31
291.37,2.933104158,312.06,6.019667765,357.08,16.68453176,225.18,11.84683924,121.335,5.314393192,402.21,40.82347241,448.98,44.24386511,422.77,43.20586881,95.89054726,6.127010601,95.52238806,6.954775464,98.90547264,6.233916212,93.45273632,7.901067689,91.84079602,8.147552657,110.9701493,8.052014023,115.5771144,7.28422774,116.4577114,7.347755114,156.9119892,41.45959968,161.740458,42.66594158,158.0480467,52.7065563,188.1612034,15.7861655,3.526489869,2.115329011,199.2009847,0.040636661,204.8612634,3.547270375,5.660278776,3.537901744,3.333764433,1.456145865,198.9656975,0.047078052,205.3656913,3.257564954,6.399993821,3.262948646,0.235287187,0.032129164,88.5,34.49275286,82.42307692,30.01303957,0.572932259,0.019380668,0.115221038,0.033510616,0.114760295,0.163066829,-0.112167426,0.024618778,-0.077629392,0.032539924,-0.091723623,0.113278802,0.254446415,0.063817225,0.116904835,0.02064222,0.17103796,0.07690157,0.042293993,0.015999168,0.23995111,0.306165241,0.858642163,0.029104057,0.172411448,0.050135845,0.171811494,0.244132305,37
289.7939698,1.157350908,309.0854271,0.933862511,333.2663317,9.80177515,209.8844221,7.272285696,117.5628141,3.196232726,337.4371859,38.38557131,365.4673367,46.76765717,388.0251256,38.81348742,197.53,6.475268334,202.76,6.233169338,204.365,7.29669617,203.035,6.922699979,202.155,7.587553954,199.43,6.133115032,193.41,5.645520348,185.555,5.986399168,129.5487203,60.04011331,125.6124832,64.65369242,128.2096991,64.96408828,132.9748541,57.28270118,4.832050534,4.656664158,198.9251385,0.06927284,199.0266158,0.490271437,0.10147728,0.491301085,3.636432005,1.855733229,198.6748178,0.03391331,198.8392296,0.5604463,0.164411774,0.553197984,0.250320663,0.062175938,148.9230769,17.56290469,48.51923077,46.1891972,0.509408968,0.037510765,-0.021965429,0.007455041,0.030898054,0.106628128,-0.042183953,0.050496243,0.0274306,0.007092763,-0.046296257,0.088321232,0.09392502,0.110881034,0.081667275,0.033569925,-0.053303654,0.013449933,-0.030099396,0.008501675,0.117528774,0.22187302,0.763320923,0.056287908,-0.032906777,0.011169176,0.046223678,0.159529716,32
286.875,1.92597378,311.8,4.631414471,354.87,13.09859153,219.465,7.987413536,122.285,2.381968724,422.555,33.82494605,486.765,26.50376907,480.94,22.17580664,178.2791878,13.91264346,178.2284264,13.01633507,180.1979695,13.17035573,179.5837563,13.71609674,179.5329949,11.72767033,179.3807107,11.53860145,171.4111675,8.794811412,165.3756345,10.12565798,123.5033738,51.20304252,117.9230769,55.65618804,110.7791273,59.7555545,151.4444444,44.02900983,5.756404942,3.491543596,198.9522915,0.06977755,200.7493677,2.17300471,1.79707623,2.21848522,4.601046914,2.442474568,198.7648011,0.045130184,200.7271677,2.195668334,1.962366559,2.174033385,0.187490395,0.106981519,114.42,43.72600599,71.84,44.83987511,0.597885692,0.012145095,-0.02273474,0.010407203,0.186393924,0.165689799,-0.156306839,0.009441818,0.02432473,0.012468315,-0.149965608,0.114693993,0.370831739,0.026961745,0.15438237,0.031197814,-0.047205031,0.023757093,-0.043629332,0.01330699,0.394955611,0.314536121,0.896091879,0.018236389,-0.034054302,0.015589941,0.278927369,0.247996265,32
291.13,0.493051721,318.9,2.362202362,367.105,7.112944186,250.48,6.021594473,138.81,6.826704915,498.605,20.02745553,561.495,30.57368108,571.17,18.66095121,211.34,8.304480718,213.1,10.60424443,214.22,10.53715332,213.66,12.34238227,210.835,9.456097239,205.905,9.431117378,197.325,9.860495677,188.9,12.3757828,213.1266907,33.4539736,214.3160505,38.77778505,214.9783589,40.66891636,215.1582507,18.36263621,2.580576974,1.656799908,199.157594,0.027164694,199.1651065,0.027940627,0.007512512,0.006652754,3.646647056,2.410865835,198.9503551,0.035167781,198.9959291,0.200929613,0.045573959,0.202884545,0.207238846,0.038670554,163.6470588,11.55519326,121.372549,11.10725039,0.6029419,0.023520625,-0.033232878,0.005265165,0.011742534,0.089008651,-0.208599462,0.019900329,0.041065418,0.005341355,-0.011500444,0.075543292,0.528711526,0.061489319,0.1255707,0.024158278,-0.078840476,0.009873119,-0.041843482,0.006995308,0.038232571,0.196292279,0.903766921,0.03527364,-0.049787906,0.007886086,0.01756082,0.133256675,34
291.9402985,2.317233277,318.5870647,4.614883109,368.9552239,7.732658986,242.1741294,10.34117151,135.4825871,9.724101732,528.2338308,39.55888677,622,76.0072005,610.8507463,66.39687408,195.5125628,13.90956408,200.241206,14.67853561,204.5075377,15.04227522,202.6030151,17.05675395,203.160804,15.17682283,197.1959799,14.71528054,192.7487437,14.66466666,187.7035176,16.57804862,169.1168014,52.39253165,163.7322552,60.83359398,158.2735849,67.8546104,189.9865229,28.93908461,3.267895637,1.895217483,199.2846685,0.053192033,199.7178836,1.325297917,0.433215117,1.311035101,3.079081894,1.301224955,199.0108336,0.043909905,199.6755492,1.693566106,0.664715638,1.672712442,0.273834919,0.025477574,136.26,27.33042993,124.94,27.70516919,0.638113535,0.050391227,-0.026287799,0.011367386,0.135746471,0.176407465,-0.251258426,0.056093956,0.029635306,0.010779,-0.106180255,0.136569092,0.686838992,0.20969043,0.173588544,0.053994443,-0.057351203,0.02039174,-0.022553949,0.010175026,0.297922147,0.398080022,0.956537799,0.075587809,-0.039381823,0.017028499,0.203186103,0.264048063,34
294.2908163,4.66118551,324.3265306,7.624845947,370.244898,11.13604299,247.622449,9.522278181,142.5459184,9.022813132,494.3826531,17.6025133,560.7295918,30.78402948,569.744898,20.31050358,208.4179104,14.67134065,208.1442786,15.26169985,213.7014925,15.74171022,213.0199005,14.63790493,211.1741294,15.38638435,205.6766169,13.61261854,201.7910448,13.58870322,199.0945274,14.1985221,87.97117117,14.36220884,73.0027027,13.44179953,63.97837838,12.9193786,155.0608108,15.04756409,1.667267146,0.892064729,199.2623231,0.016886919,199.8192921,2.181105821,0.556968955,2.182818028,3.936991136,2.081377674,199.0242312,0.053588391,200.37373,2.626688672,1.349498844,2.637721153,0.23809192,0.04946218,142.1153846,10.81603839,121.2115385,44.03073076,0.593573695,0.037097699,-0.022532975,0.006653041,0.417475914,0.088340553,-0.203809136,0.037562055,0.028436546,0.004237727,-0.361915741,0.076716175,0.517231507,0.111964281,0.133801423,0.036855469,-0.055267503,0.00801731,-0.018961221,0.009349158,1.180181507,0.387395124,0.889728346,0.055623924,-0.033758708,0.009968432,0.624772283,0.132194978,34
287.15,1.97673974,305.785,3.984818064,339.78,15.78643722,199.51,9.990990942,107.55,4.161430043,441.785,60.34764929,551.565,86.1447954,511.4,56.14009263,166.4673367,8.812832606,167.0201005,9.674584535,169.6733668,9.63551034,168.6281407,9.798082679,166.8291457,8.825554193,168.6432161,8.394083925,160.7738693,6.899429778,154.080402,4.757809538,112.7672956,40.20295244,101.4609164,43.90293498,95.44609164,45.64149937,142.1244385,37.19110291,3.609315566,2.799906863,199.6484176,0.040075296,200.3844338,1.498038104,0.736016202,1.511609407,3.588111783,1.856696162,199.4004067,0.02909809,200.3955334,1.544708192,0.995126772,1.537856453,0.248010913,0.048646925,133.48,34.93149868,60.34,37.0527246,0.667654081,0.045626394,-0.01824208,0.010817665,0.217848624,0.129070916,-0.230411356,0.065288478,0.026583599,0.011052732,-0.185364309,0.103282484,0.61586019,0.201606427,0.245058483,0.046030524,-0.051559344,0.02146403,-0.046275256,0.01282214,0.494054534,0.311299356,1.000713375,0.068500174,-0.027321882,0.016201499,0.325981002,0.193156453,33
291.8643216,1.958535864,309.2663317,2.37965035,346.4170854,5.515798192,223.7537688,3.21032777,121.3668342,4.933844305,409.2964824,27.18626496,454.3417085,59.22967662,471.8442211,48.39474258,212.09,7.151356515,214.39,8.014231092,215.77,9.216675105,211.26,9.139059033,213.49,8.955439688,207.105,8.975186628,203.69,9.998194837,197.57,10.94509479,170.94287,52.11666273,167.5865947,58.48448541,165.8146649,61.87970148,181.1776878,41.8629644,3.38555909,2.290939101,200.1786549,0.024315314,200.2694234,0.4230117,0.090768509,0.424070884,2.544934129,1.596655384,199.9469033,0.02001399,200.1444967,0.505797819,0.197593384,0.504991834,0.231751556,0.030011358,149.16,19.31668709,78.42,38.44845381,0.574980533,0.03078169,-0.023660103,0.006248183,0.068059846,0.11931558,-0.130224097,0.056394227,0.028951558,0.006053173,-0.05765413,0.092335089,0.309160176,0.149986532,0.105400254,0.072010896,-0.056207154,0.011346938,-0.016711352,0.010059237,0.145118012,0.233015275,0.861717502,0.046215419,-0.035447264,0.009359284,0.101868894,0.178618133,33
294.3333333,0.953304456,320.681592,2.531023322,379.6318408,5.744457081,247.8606965,5.975114022,133.8557214,3.856129011,493.0049751,12.37052246,543.7462687,18.27839707,552.0597015,12.44116174,196.678392,9.407421716,200.9698492,9.045340591,202.8040201,10.25782133,200.8844221,11.59846241,202.1658291,10.54197822,202.3467337,8.308461322,198.8442211,9.229668911,194.5427136,8.898474528,143.0310252,49.78054745,136.2558453,56.37546529,131.5094424,61.81884143,162.9451439,39.79099684,4.088487807,3.053656033,200.3942729,0.037493919,200.5413872,0.360691489,0.147114279,0.374894229,3.775709603,2.375231737,200.1342937,0.032160683,200.5344196,0.588681916,0.400125935,0.582786845,0.259979248,0.046198073,143.5,31.38869223,73.02,42.88705632,0.604647579,0.015038163,-0.008140643,0.005505845,0.140667642,0.156147315,-0.177480548,0.01255659,0.009762918,0.008835226,-0.113454471,0.114157989,0.432119023,0.037048066,0.103118348,0.031888932,-0.019185812,0.017284414,-0.017469069,0.012995435,0.296127536,0.314928305,0.906302364,0.022552614,-0.012195989,0.008248832,0.210524072,0.233727554,33
292.1980198,2.273479481,313.6980198,4.777514997,368.5,15.82085664,242.7524752,11.51400864,128.1287129,6.775265683,483.7722772,42.68544427,554.460396,51.21321105,572.9653465,45.99304497,200.9545455,10.12412633,206.8434343,9.048730718,205.6919192,9.018557487,200.2929293,11.64608793,202.8535354,9.175822569,198.2020202,10.32549047,194.3737374,9.392760869,185.6313131,9.545765855,161.3361836,56.22760529,158.5765077,63.59239751,158.1660666,67.14639259,176.009901,42.24410324,3.224068087,2.370486057,200.6225559,0.03644598,200.6926848,0.310297674,0.070128855,0.330968157,4.627432803,3.445057798,200.3592282,0.048701214,200.4836836,0.355253554,0.124455385,0.335272911,0.263327705,0.055211307,156.8627451,18.81595027,102.254902,45.42817781,0.62348999,0.013216782,-0.021420232,0.00657518,0.088426205,0.147636016,-0.199665474,0.026829592,0.028396467,0.007771469,-0.081126695,0.121210373,0.50172469,0.082649696,0.145876535,0.021070241,-0.055113226,0.014759109,-0.01897003,0.016399927,0.220834348,0.338009647,0.934546494,0.019869306,-0.032089729,0.009850192,0.132322371,0.220972689,31
286.6368159,2.335628823,299.6567164,3.462171861,308.4079602,11.35158333,194.2835821,6.865022682,106.39801,7.045749293,300.0497512,15.43329451,336.2736318,18.91509574,356.8507463,13.78973632,207.5606061,6.784106771,207.6616162,6.169462218,202.6616162,5.505886787,200.0707071,7.39198655,197.9494949,4.885297955,192.5959596,6.303629213,182.0707071,4.762548603,173.479798,7.313823632,202.2953624,33.62333564,206.3975687,36.50673889,209.2714993,36.16342718,203.4173796,25.47050354,2.47764804,1.702333167,200.7785818,0.032655447,200.8255243,0.233814015,0.046942509,0.234306801,2.223478233,1.189184682,200.5832087,0.027109089,200.7425635,0.358392705,0.159354778,0.360428456,0.195373073,0.019243821,158.4081633,18.23085338,116.5510204,26.17995902,0.518860682,0.032481654,-0.041802977,0.008313485,-0.007880869,0.049623435,-0.042882773,0.028633486,0.0535028,0.011792962,0.00053958,0.049596785,0.091525659,0.064243256,0.120579051,0.008039347,-0.101335103,0.021098579,-0.054388576,0.011750629,0.004867206,0.120311645,0.777412163,0.048677414,-0.062621981,0.012453616,-0.011827092,0.074277416,36
290.804878,1.329212351,310.1073171,1.294715383,335.4341463,6.512412529,222.6341463,6.407907073,125.0146341,2.718460915,371.0634146,30.82635676,405.5804878,30.35914472,448.2487805,27.54351875,241.8512821,2.332256725,245.8051282,2.819888043,245.5179487,3.505809961,241.7538462,3.875091142,240.2717949,2.656964599,229.9333333,2.790214892,228.2666667,3.390887739,218.7435897,4.893312803,80.57059089,37.12924192,74.13261164,32.70833791,69.03969328,21.41115963,68.32792061,24.3637726,2.770080112,1.382025938,200.746382,0.027815626,200.7491328,0.027772349,0.002750808,0.004053803,2.516486446,1.679305918,200.5278849,0.023182406,200.5434885,0.012807317,0.015603559,0.021528773,0.218497095,0.02865319,154.0769231,5.837037426,3.480769231,3.072773644,0.527629235,0.018598545,-0.025647225,0.003243038,-0.013176077,0.075648259,-0.093343942,0.026915108,0.036415685,0.002120837,0.023962464,0.087800241,0.207899523,0.067097702,0.093785181,0.011974475,-0.070264278,0.003943887,-0.007249982,0.008368138,-0.030726284,0.188857311,0.790697546,0.027916516,-0.038429781,0.004859015,-0.019636977,0.112963304,21
290.885,1.559414954,309.315,1.501923766,336.83,11.21789196,219.155,7.531996747,122.865,5.289307611,370.07,42.55661053,413.635,42.38162072,444.885,26.63347095,232.6432161,6.15775376,234.6582915,4.711135008,235.5879397,4.189128701,232.2211055,6.352410755,231.1155779,4.230982701,222.7286432,4.73909578,218.7688442,4.06441033,213.3417085,4.925966384,54.76687669,17.69100778,48.50315031,11.52044865,53.92394239,7.16998652,78.18361836,36.57135538,2.542495707,2.322670252,200.7097758,0.026923389,200.719046,0.023093229,0.009270213,0.009190331,3.389923353,1.675240505,200.610252,0.038065243,200.6450119,0.134794513,0.034759982,0.122238563,0.099523803,0.058126246,148.9591837,8.407866054,35.48979592,38.4692416,0.540089339,0.022736521,-0.027445895,0.003598593,0.129594737,0.20676178,-0.099949925,0.034124243,0.037023929,0.00408161,-0.189907063,0.152196965,0.225349194,0.085777044,0.119890224,0.031890619,-0.071374331,0.007587778,-0.017677492,0.009679785,0.56649302,0.533218971,0.809376564,0.034134585,-0.041123121,0.005391892,0.19390359,0.309121553,30
289.28,1.393413076,314.24,2.963511431,356.395,7.553077187,232.355,5.962296118,129.97,5.331894598,427.015,28.40589331,473.935,29.4161652,501.05,26.72728007,218.377551,9.241670608,222.3265306,8.178213355,223.4081633,10.2900157,217.4132653,7.584061399,218.2295918,9.607253947,209.9642857,5.11836928,207.1785714,9.07922893,199.6938776,4.450196426,62.77503368,30.30718564,55.8688819,26.80064702,56.67220476,16.30519309,92.40682533,49.73163461,3.056248801,2.351040021,200.8962445,0.047766592,201.1232642,0.570528314,0.227019719,0.606241774,6.636692381,3.578696868,200.7105563,0.077032402,200.9866432,0.643284225,0.276086846,0.631423454,0.185688175,0.101166424,142.8979592,28.38600179,44.20408163,43.56509537,0.568699735,0.023513598,-0.025969079,0.006329105,0.167406019,0.224079623,-0.140569636,0.027103997,0.037635437,0.006573009,-0.204897759,0.157420916,0.329376224,0.071487537,0.110326535,0.016727019,-0.072463759,0.012157066,-0.013634565,0.024015004,0.618895233,0.540990578,0.852343105,0.0352683,-0.038907821,0.009482475,0.250598496,0.334898286,28
291.8855721,1.168338871,315.5074627,4.395972153,377.641791,7.605382015,241.5223881,4.595124636,130.721393,3.484434478,503.2189055,29.86923142,574.6069652,56.79008875,579.0099502,61.30512465,200.2985075,5.602100509,195.960199,6.137593801,194.3333333,7.673909622,197.7412935,9.13430668,190.5323383,7.913726283,194.5920398,10.22740131,180.8905473,12.04832559,177.8059701,12.12936752,219.5634563,24.75284265,223.0481548,29.2380423,222.5549055,32.68729733,216.0144014,19.04603286,3.475982793,2.5071619,201.1316648,0.038430268,201.2276623,0.4503694,0.095997521,0.446691617,4.499919254,2.875153254,200.8912562,0.056388344,201.0367294,0.570559083,0.145473271,0.563361991,0.240408598,0.035188213,154.2941176,20.56581412,119.2156863,24.05574712,0.627193633,0.025727513,-0.026617236,0.016253682,-0.008916877,0.061503091,-0.204067452,0.042343008,0.036517077,0.021825779,0.012302323,0.041189005,0.519571166,0.127761787,0.13959167,0.061276839,-0.069596444,0.04106801,-0.070098821,0.044325498,-0.020426575,0.095504392,0.940121303,0.03862222,-0.039870726,0.024346067,-0.013377879,0.092076473,40
291.8316327,0.760785971,316.3265306,1.251737651,374.7040816,3.765333776,250.1785714,4.63061573,132.0765306,2.096951189,525.2602041,18.6426833,591.6938776,21.70178595,604.0357143,29.85857396,238.655,5.183239817,239.83,6.311188478,240.04,5.532485879,239.015,5.295731772,236.075,5.070441302,227.265,5.563701556,223.405,5.426875252,217.01,5.7567265,221.8487849,26.36366516,223.5828083,30.09013061,224.7470747,30.24029072,219.7025203,19.72968045,3.718662688,2.352119176,201.0630688,0.041498216,201.0667605,0.04020898,0.003691635,0.007927341,2.637391809,1.280781554,200.8195897,0.024992396,200.9368907,0.368862939,0.117301025,0.370843411,0.243479156,0.025830161,151.0204082,10.55692015,114.1020408,15.13914361,0.634723989,0.011504722,-0.027606632,0.003434478,-0.007511931,0.043709186,-0.224184927,0.013583496,0.035908711,0.002747996,0.005132511,0.038035002,0.578700215,0.043768818,0.126428697,0.002758135,-0.069314309,0.005140672,-0.016969315,0.004474611,-0.0069676,0.085865307,0.951428377,0.017263145,-0.041364859,0.005145681,-0.011264943,0.065454136,30
289.5583756,1.389917794,312.5888325,2.564592398,374.6345178,7.659533484,258.8984772,8.104009643,139.4822335,2.942069972,483.4670051,17.09439834,532.5786802,15.71736898,553,16.30639375,242.0961538,1.6202993,246.0769231,2.285793532,244.4615385,1.216260639,242.6538462,1.439612867,240.4615385,1.216260639,229.5576923,1.703090647,224.5961538,1.113891574,213.1346154,3.39132857,120.8924392,54.29716751,108.7844284,58.65779622,104.6291629,59.99235036,147.0648065,37.46302508,1.521200967,1.251337097,200.9357022,0.023233843,200.9376989,0.023412389,0.001996701,0.003888116,1.328816528,0.712381379,200.7221049,0.017174036,200.7312717,0.014806089,0.009166791,0.006721878,0.213597298,0.012994162,145.9807692,5.868725404,46.88461538,24.2357443,0.584712311,0.011883825,-0.034114529,0.001771693,0.215201618,0.140142062,-0.173972544,0.009237499,0.042351527,0.001755497,-0.192613149,0.129244473,0.421529296,0.027029938,0.101905326,0.014526137,-0.081256061,0.003231192,-0.021592999,0.003282165,0.539293314,0.392659597,0.876416308,0.017823659,-0.051116835,0.002654705,0.321970485,0.209664922,28
288.29,2.440471266,314.055,2.520312481,376.125,6.852691077,242.27,8.363438288,127.585,5.144198188,510.39,29.38975842,572.815,39.34413266,570.44,36.0682187,238.8159204,3.715095637,240.318408,4.778487183,239.6567164,4.375027183,238.6616915,3.708934369,235.0945274,3.995771384,226.3432836,3.63462716,220.2089552,4.617306768,212.7810945,6.204783967,183.6190905,55.01324694,184.5002251,60.40111774,186.6402521,59.73102536,186.2152184,44.50838634,2.981389244,2.900538049,201.0008689,0.039037151,201.1717409,0.542469677,0.170872019,0.571528627,2.482465546,1.509628222,200.7769524,0.021637583,201.0719651,0.725330201,0.295012669,0.731317126,0.223916505,0.035045638,150.54,22.57627959,82.92,33.87142749,0.635127285,0.008773047,-0.032730703,0.003711963,0.018214714,0.098167735,-0.206068016,0.025264732,0.042315069,0.004999482,-0.025643231,0.100473091,0.52164861,0.079865131,0.121613797,0.016499901,-0.081150316,0.009189058,-0.027146916,0.009178858,0.080485961,0.271001527,0.952009135,0.013193774,-0.049042117,0.005561291,0.027213847,0.146896624,27
288.2575758,1.645108508,309.6818182,2.621737555,352.2020202,12.10432747,228.8989899,9.647834267,123.2979798,4.798684159,408.8585859,53.02277195,456.1060606,53.62480829,466.6212121,50.21542435,241.8686869,1.334442453,242.4090909,1.490480968,241.3535354,1.668563353,240.9545455,1.011526772,238.9090909,1.752867256,227.8030303,1.196202286,223.6161616,1.331112322,213.010101,1.890940387,114.2440342,45.90834071,102.6519586,45.42782751,94.43809095,40.44865861,131.7348041,29.92175598,2.347053894,1.674575213,200.9686158,0.032566289,200.9725164,0.033678122,0.003900547,0.005424194,1.202096618,0.916963932,200.854466,0.012474332,200.8730525,0.031498087,0.018586515,0.024148723,0.114149845,0.025329455,152.52,5.869378161,43.32,31.64012642,0.571456234,0.029678281,-0.03305914,0.002678013,0.191906771,0.130305413,-0.124988188,0.043793469,0.03814393,0.003360471,-0.157360403,0.13969482,0.2912279,0.110853925,0.117758492,0.022511888,-0.073464714,0.006222974,-0.018361556,0.006535667,0.449013589,0.46194148,0.856441313,0.044555494,-0.049535167,0.004012763,0.287082576,0.194872878,26
293.85,2.475378759,325.72,2.16831732,438.32,4.768395957,302.43,4.680288453,154.27,1.413187886,702.08,12.85121006,786.46,16.99907056,757.34,9.300774161,242.1485149,1.606830338,243.0594059,1.249330769,244.1584158,1.633393317,241.8514851,1.180586686,239.2970297,1.512617261,229.029703,1.68543819,223.9405941,1.790081486,214.3366337,2.304868836,50.27780279,15.78713072,45.88833859,15.45078763,51.4385412,15.26026438,81.54570014,20.86951174,1.920175286,1.251475188,200.9490256,0.018684183,200.9536213,0.019315726,0.00459569,0.006134324,2.127611787,1.186411037,200.7317648,0.017426213,200.7463524,0.022388436,0.014587553,0.016536889,0.217260757,0.022156819,153.4038462,7.256985005,30.69230769,22.43326725,0.671943497,0.004475825,-0.033155676,0.003949256,0.219371688,0.116320591,-0.284152083,0.006899926,0.0431959,0.002218605,-0.277467879,0.089424605,0.794147992,0.026813083,0.12017089,0.011230016,-0.082805879,0.004073364,-0.022216239,0.004162147,0.81103503,0.355173462,1.007379644,0.006719454,-0.049679883,0.005917423,0.327839389,0.1739331,31
289.8673469,1.166170736,317.5561224,1.418504985,419.6326531,10.72988175,291.5867347,7.738561509,150.8061224,2.936950255,627.1581633,26.80295606,703.8469388,34.68056918,690.4438776,28.57342695,241.321608,1.901357734,243.4371859,1.346808668,242.5025126,1.700943787,241.2512563,1.565066483,237.959799,0.742393223,227.2311558,1.309737083,224.6934673,1.371463488,214.7085427,2.302604465,88.89284106,48.1488691,82.27420081,53.23003189,86.23953174,53.28759723,111.4461954,37.96376635,1.887037743,1.369250101,200.855978,0.023345519,200.8601165,0.024439901,0.004138582,0.00696088,1.973678338,1.274610828,200.6598206,0.020636844,200.6676907,0.017684852,0.007870161,0.008432661,0.196157408,0.021776319,150.9591837,7.698288131,40.55102041,22.08615895,0.646659517,0.010851746,-0.028681203,0.002380659,0.172118947,0.121346177,-0.252503543,0.013764036,0.038115648,0.0032211,-0.201427819,0.128339902,0.676502978,0.049148253,0.122063094,0.015213174,-0.073413855,0.005970607,-0.011159395,0.004527315,0.567572173,0.397701894,0.969421486,0.016291167,-0.042975348,0.003566996,0.257299384,0.181417823,29
290.62,1.635726138,319.61,1.080694221,432.97,4.965792988,294.35,5.690123022,148.205,2.11730371,662.505,16.60993603,746.195,19.21580014,733.825,12.23700842,243.135,1.247707899,244.735,0.504752415,244.44,1.888491461,242.725,0.46837485,239.28,1.16258333,229.47,1.157194884,225.4,1.577973384,217.52,1.095262526,73.94592159,37.61674039,70.25056332,40.69090496,74.49571879,41.61003054,104.7278053,30.6782397,1.52342429,0.898087012,200.8006617,0.015111722,200.8056927,0.017399756,0.005031052,0.007448128,2.178415106,1.418076467,200.566481,0.01610227,200.582104,0.019254343,0.01562294,0.01507597,0.234180679,0.020087645,150,7.499019544,47.41176471,27.93632569,0.668486644,0.006064419,-0.029876302,0.001932079,0.195989838,0.125086741,-0.265497865,0.0065904,0.040521737,0.001358684,-0.228305323,0.117123334,0.723153017,0.024532858,0.126307555,0.001969848,-0.077884047,0.002511374,-0.017743247,0.003116328,0.648463622,0.381498078,1.002169559,0.009101429,-0.044766273,0.002894832,0.293025241,0.187090626,26
288.23,1.705021994,311.835,0.99888688,388.375,3.763558821,251.475,3.337570224,131.735,0.703402445,547.445,13.52283162,625.045,24.70006022,617.445,37.19646455,237.425,4.848131083,241.675,5.03580927,239.655,4.98156351,238.14,4.609815615,236.05,4.667708217,226.25,3.722566319,221.315,4.940220137,212.71,5.710157616,197.9649753,45.81434621,199.8819039,50.96097603,201.830714,49.51871272,199.4719353,34.78121364,2.147045274,1.283905982,200.9078347,0.027400964,200.9113091,0.027240947,0.003474426,0.00396034,2.351582153,1.514734919,200.674771,0.028384454,200.6873061,0.027425838,0.012535019,0.012993088,0.23306366,0.024358906,158.2040816,5.458487463,106.7755102,27.77332835,0.651440831,0.013028572,-0.032243542,0.00250503,0.007299929,0.071950094,-0.233084923,0.020031712,0.039801784,0.00184192,-0.014085018,0.077851589,0.609628201,0.068073977,0.141792424,0.036854217,-0.076550443,0.003412716,-0.021865182,0.010571179,0.044660355,0.205310278,0.976515831,0.019550531,-0.048312432,0.003752913,0.010890942,0.107673151,25
288.7889447,2.48324605,304.8894472,0.313577503,324.201005,4.753184491,209.4271357,4.109489855,117.3366834,0.941617904,308.8190955,15.54430973,330.4623116,20.97563403,361.9145729,20.31504971,237.165,0.947509894,239.62,1.669011684,237.9,1.640121947,237.73,1.314191767,236.325,1.413992574,226.195,0.683355691,222.875,1.367250891,213.66,2.069879224,53.57001795,25.7475494,46.40709156,16.67394801,49.75807899,7.995471243,41.72217235,18.4552813,1.727819901,1.039542318,200.8238614,0.026693248,200.8271484,0.027419385,0.003287048,0.003797785,1.030281645,0.650845638,200.7122675,0.014551359,201.134779,0.436716096,0.422511444,0.445102763,0.111593857,0.028788857,156.2884615,7.096414421,1.826923077,4.299915714,0.474745692,0.02652709,-0.02929046,0.002077826,-0.122133295,0.162191114,-0.008614256,0.024474052,0.032605354,0.003244355,0.068479597,0.076323692,0.018620577,0.050327658,0.06945172,0.01833257,-0.063132491,0.006089666,-0.014671263,0.006345635,-0.118938008,0.13007529,0.711324682,0.039782005,-0.043887901,0.003113348,-0.181885024,0.241747386,21
289.04,0.99919968,311.345,2.390810532,366.44,3.107474859,236.185,5.244118134,125.235,1.284435674,488.57,17.54779473,559.585,14.49250755,556.185,17.68193358,238.7939698,4.618377515,240.6180905,0.85939933,240.0603015,1.21811367,236.798995,4.514610452,235.1507538,1.67373651,224.798995,2.706738102,220.4120603,2.129254305,210.5829146,3.929262663,94.38993711,49.58276741,88.51437556,53.29332804,92.46855346,52.62935674,122.1473495,40.7519818,2.527667054,1.759007776,200.9129099,0.031728089,200.9154579,0.031128967,0.002547988,0.004642658,2.449213202,1.285074002,200.701339,0.023698514,200.7120892,0.021141266,0.010750162,0.011206338,0.211570855,0.031850552,154.2,7.079548008,52.16,38.09743298,0.634070266,0.009689021,-0.032363158,0.003082134,0.168717232,0.131152698,-0.208411205,0.00919998,0.042686286,0.002984644,-0.200059632,0.130430996,0.526900212,0.028903955,0.145843137,0.018047562,-0.081861821,0.005483895,-0.019329055,0.017804918,0.565966641,0.409078843,0.950411394,0.014536164,-0.048491495,0.004617968,0.252339416,0.196218375,31
289.52,0.799749961,314.095,1.458072358,386.33,9.776047258,248.745,6.216106096,131.05,2.915047169,525.935,33.40255641,592.425,36.99627515,579.095,36.99629677,231.38,2.75782523,234.35,2.248888614,232.72,2.211696182,232.905,2.817086261,228.405,2.801959136,220.395,2.399786449,214.355,1.840916891,207.025,2.450382623,135.6227518,57.00746389,126.8354317,64.12998886,125.3520683,66.33414071,147.0647482,45.73988407,2.004514883,2.139639792,201.0046188,0.017450879,201.1519526,0.488487403,0.147333755,0.494119718,1.966370228,1.075179728,200.7858887,0.020852494,201.106563,0.729286052,0.320674286,0.731664451,0.218730087,0.024344359,142.7708333,25.85072499,51.4375,42.38410976,0.637009226,0.013247201,-0.031713067,0.004026799,0.12213256,0.127958131,-0.209681038,0.018612573,0.041073114,0.004278054,-0.112125853,0.119605821,0.53199992,0.058432887,0.126504269,0.001627005,-0.078872973,0.007880431,-0.027352075,0.007767036,0.29841655,0.343885036,0.954852585,0.019893662,-0.04751597,0.006033621,0.18269258,0.191438207,26
288.8,1.29614814,314.4,1.077032961,369.38,1.278905782,244.02,2.231501737,131.34,1.242738911,473.42,4.224168557,533.5,3.424908758,543.18,7.923862694,241.8341709,1.168101234,244.9296482,1.171296313,244.0301508,1.880632706,242.2713568,1.141599719,239.5326633,1.781447789,228.6281407,1.191431747,224.8592965,2.498301233,215.6231156,1.696484198,219.5245385,12.53684193,222.8167492,15.27815662,223.625394,13.14290121,216.6434039,11.18614905,1.510437787,0.610831664,201.0427564,0.020672532,201.0450087,0.021205528,0.00225232,0.003754543,1.677809434,0.846029358,200.8278273,0.016807002,200.83479,0.016095224,0.006962685,0.008298482,0.214929015,0.016634097,151.7058824,5.431549512,117.627451,15.46020925,0.604903395,0.00129516,-0.031613959,0.002635085,-0.015550053,0.012894984,-0.181763822,0.004024194,0.040901616,0.002486458,0.013265912,0.0160595,0.44434166,0.012119155,0.126952651,0.007570491,-0.078577912,0.004566695,-0.016503585,0.007523271,-0.025625886,0.035292624,0.906673136,0.001938206,-0.047369905,0.003948012,-0.023299329,0.019312702,26
289.8970588,2.037441489,308.1813725,0.444405395,344.4117647,4.469620638,228.8235294,1.617379657,128.127451,1.621978752,379.8970588,15.33463947,407.0392157,9.674021781,435.5735294,6.852041723,236.1959799,1.358680974,238.8592965,1.533643315,237.4170854,1.161315122,237.0552764,1.601494214,235.2763819,1.42447909,226.8341709,1.362689548,221.638191,0.844579967,211.1959799,1.321178064,122.7475248,21.27300324,94.00315031,16.22253239,77.73987399,13.70907127,133.1219622,23.45096526,1.822660981,1.152534647,200.8082852,0.032949261,200.8110473,0.03248123,0.002762071,0.00426963,0.836110138,0.698240748,200.72108,0.00855575,200.7309238,0.006414946,0.009843836,0.006444788,0.087205206,0.03582571,140.7346939,5.29834595,60.79591837,29.49782392,0.52097309,0.012965338,-0.029842527,0.00348681,0.259212999,0.095013162,-0.083243728,0.005359893,0.034369881,0.002954233,-0.171029716,0.057537922,0.181680168,0.012861094,0.07212575,0.016857285,-0.066439893,0.005531504,-0.02287954,0.005681268,0.424231918,0.167820342,0.780730341,0.019440952,-0.044714867,0.005224555,0.387894499,0.142214179,23
289.3514851,0.959694038,308.539604,0.896039604,342.3910891,1.87493097,224.7277228,1.743481143,124.8861386,0.317642835,378.5544554,13.11183824,420.6237624,13.60099842,435.0841584,16.23215994,237.535,0.942748641,238.145,1.176424668,237.22,0.625779514,236.995,0.839627894,234.55,0.536190265,225.135,0.516502662,220.355,0.876912196,208.775,1.457523585,165.3390211,35.00642727,148.6663673,38.46436609,127.6780422,42.27054946,154.714414,36.014381,2.003889986,0.983295093,200.8154678,0.017799731,200.8216508,0.019178451,0.00618309,0.005629022,1.922406015,1.145510022,200.7255251,0.020592695,200.7381406,0.017666144,0.012615509,0.010413452,0.089942627,0.020260676,147.4081633,6.654500908,35.51020408,26.4498929,0.541836628,0.011889,-0.031206874,0.00195995,0.108271658,0.064739862,-0.102242585,0.017909432,0.036859533,0.001197611,-0.023777958,0.035337425,0.22864346,0.043620734,0.111254254,0.008812918,-0.071095849,0.002225357,-0.021232928,0.002796777,0.051541539,0.078292524,0.812010669,0.017835618,-0.046758909,0.002936615,0.162064915,0.096869438,23
291.255,0.948670122,314.48,2.670131083,399.04,7.714816913,258.125,4.401065212,136.24,1.56920362,622.195,30.1608517,700.595,31.59843311,693.27,23.30465833,238.7,3.558089375,239.06,4.496265117,239.68,5.381226626,239.105,3.726120637,236.19,5.683651995,227.495,3.143242752,223.325,5.8497329,215.75,4.15782395,163.2618084,54.88285331,160.6104363,61.31241443,160.7053531,62.35749388,175.4633378,39.73322398,2.533698223,1.690308274,200.7619283,0.030630426,200.9714501,0.636595167,0.20952179,0.644751861,2.736461239,1.661382842,200.5381454,0.030494606,200.8016972,0.749773165,0.263551712,0.746906007,0.223782883,0.029034042,145.5686275,28.87108256,83.52941176,34.59760444,0.674004211,0.009797063,-0.028024395,0.001483031,0.073208243,0.114342752,-0.273777685,0.012945397,0.035369395,0.002838747,-0.071979109,0.107971254,0.754832117,0.047944057,0.126275352,0.01355898,-0.068307781,0.005286007,-0.018439533,0.016482211,0.187659247,0.280645928,1.010401978,0.014711745,-0.041990826,0.002221212,0.109551437,0.171140332,38
289.0351759,2.302231569,312.3065327,4.399806704,371.4271357,19.78003326,248.7437186,13.61087535,132.3969849,5.577970935,514.0502513,62.32874013,573.959799,74.1950329,584.1557789,69.67787227,239.8686869,2.077520203,239.2777778,4.142488774,239.530303,3.827939672,238.6767677,2.313021037,235.7474747,3.329826744,226.3232323,1.671679025,220.3636364,4.210267741,210.8434343,3.691476987,111.0517552,22.83613848,83.53420342,18.65590281,68.68856886,12.06743894,127.7605761,19.36357603,2.63920413,1.6520123,200.5311896,0.024506638,200.534668,0.025517201,0.003478464,0.004975991,1.495180419,0.964517861,200.3222781,0.012447601,200.3341642,0.012896815,0.011886134,0.007067903,0.208911472,0.026195616,143.96,7.180417815,42.72,16.47184264,0.62134861,0.034042179,-0.033769298,0.003389042,0.300917365,0.060080242,-0.209934576,0.043365437,0.04170283,0.004129997,-0.214947333,0.059308341,0.53847554,0.128287601,0.115625347,0.029572214,-0.080036437,0.007623769,-0.02639843,0.012917424,0.562795201,0.202248786,0.931358416,0.051108948,-0.050598396,0.005077328,0.450206068,0.089886498,23
287.2985075,1.393105897,304.8308458,3.235567846,340.6467662,11.53276112,227.2039801,6.863500991,124.1442786,2.211251104,406.3930348,25.62608573,448.1791045,23.77564625,477.1044776,17.95694214,237.55,3.511053973,240.055,1.926648645,238.87,1.001548801,237.11,3.067230021,235.69,0.907689374,224.55,2.440799049,218.995,1.070035046,206.645,3.546685072,135.722372,39.23050518,102.597035,33.22948022,79.45238095,22.24687357,153.8638814,27.84553205,0.997282919,0.727087257,200.4601614,0.008083217,200.4622393,0.008717342,0.002077866,0.003693103,1.384511277,0.831004389,200.3101215,0.011765107,200.3189085,0.013541882,0.008786926,0.007542099,0.150039902,0.014241416,141.4081633,5.443282201,46.36734694,24.54541304,0.565577862,0.014454462,-0.036719952,0.001077993,0.325945468,0.070645441,-0.135890521,0.011727592,0.043409542,0.000785424,-0.217765777,0.089160355,0.314931055,0.030196038,0.103879411,0.029763579,-0.083206012,0.00144502,-0.024668102,0.006876312,0.595666912,0.34591201,0.847625623,0.02169322,-0.055019417,0.001615086,0.48780599,0.105643326,23
287.5970149,1.418355521,304.199005,1.727794155,325.2238806,3.443159903,208.238806,1.539750761,117.2288557,3.562849101,325.8159204,7.307118132,361.5223881,10.12070172,383.7711443,6.546227745,229.155,1.459785943,232.025,1.197653957,232.085,0.963210777,232.08,1.040961094,232.14,1.091054536,223.37,1.487649152,221.12,1.940515395,211.495,0.499974999,132.3276481,23.13102575,112.3819569,22.93007044,93.12522442,19.48624316,130.8649013,20.66437293,1.085958741,0.596949592,200.3305202,0.009196393,200.3327934,0.010947208,0.002273254,0.004074914,1.229628424,0.607643746,200.2415302,0.008323695,200.2513439,0.008751492,0.009813766,0.007990689,0.088990021,0.01108848,142.2745098,6.215346066,14.47058824,4.704411535,0.510235485,0.009744956,-0.024326119,0.003838193,0.172699374,0.050845318,-0.052685274,0.008719801,0.024208996,0.00351996,-0.080397745,0.036681865,0.111410184,0.019491397,0.109515794,0.013238919,-0.047250507,0.00670618,-0.0100533,0.008439518,0.178470943,0.090894518,0.764554243,0.014604914,-0.036448947,0.005750798,0.25843828,0.076024101,22
289.040404,2.143438152,317.0707071,5.84868547,376.0505051,17.2019342,248.0858586,11.29752373,136.4393939,7.774203888,512.010101,60.33358362,556.9545455,68.02126045,561.3232323,56.54261435,218.6231156,10.12354181,227.4070352,11.93028959,227.0251256,11.27608631,219.2914573,10.91932395,222.3517588,13.15492855,212.1557789,8.604127458,210.0251256,10.10220991,195.201005,7.952105312,166.2481982,59.94172937,160.3337838,67.51320747,154.1545045,73.70140636,183.8355856,39.36415224,2.303237843,1.821828947,200.4330083,0.019066596,200.4916348,0.322056383,0.058626491,0.322718189,2.584182142,1.317150503,200.1876262,0.019715472,200.2842488,0.348572038,0.096622563,0.351384523,0.245382108,0.017897833,142.5,14.91743946,92.64,25.22440088,0.603758397,0.024791815,-0.028204634,0.00747264,0.140284299,0.172375355,-0.189999643,0.04295733,0.03886056,0.005221453,-0.107059415,0.135138698,0.475552384,0.121150915,0.087133195,0.005747134,-0.074765396,0.009632157,-0.010183555,0.020244691,0.297604952,0.384301455,0.904979172,0.037241237,-0.042258479,0.011197672,0.209930832,0.257966271,27
290.7365854,1.382425599,313.0585366,1.192041825,370.7902439,8.675162327,243.6439024,6.848537276,130.897561,1.412226715,461.0487805,40.51097486,495.5463415,43.00963079,504.3902439,29.51566599,240.565,2.268430074,244.275,1.276469741,241.485,1.435191625,240.805,2.338156325,237.19,2.230224204,227,2.471841419,221.535,2.451280278,213.17,3.615397627,185.0877588,48.40232254,182.6489649,55.46098519,182.2853285,58.31643059,195.9428443,32.93415779,2.114190042,1.214005525,200.3058735,0.022775652,200.3122862,0.022769121,0.006412735,0.005738888,2.093696204,1.19922225,200.0754387,0.025322362,200.0845043,0.025394861,0.009065628,0.006727264,0.230434799,0.025392009,156.3877551,6.242763407,107.122449,21.80678855,0.580200562,0.027600164,-0.034135414,0.002136789,0.060441286,0.121883013,-0.142145941,0.031187524,0.043107864,0.003435941,-0.05533935,0.100740308,0.334488713,0.085004059,0.074955459,0.004853636,-0.082631947,0.00631298,-0.024074428,0.002177457,0.145796147,0.270268827,0.869605695,0.041414666,-0.051147352,0.003201483,0.09046774,0.182448076,22
287.66,0.935093578,304.825,0.659071316,328.235,1.519794394,214.665,1.201155693,119.515,1.228729018,313.635,1.982870394,347.54,2.073258305,388.86,4.642240838,239.12,1.793209413,241.79,2.902740085,241.12,2.904410439,239.015,1.792979364,236.48,3.096707929,225.68,2.716173779,219.825,3.906964935,211.06,3.914894635,187.8980234,29.26572078,179.8948787,37.21512581,163.7448338,50.98504557,166.4020665,41.34026594,2.987685913,1.452685421,200.0707368,0.028699791,200.078851,0.02782477,0.008114243,0.006774369,2.524244742,1.195224603,199.8384877,0.021890723,199.8593024,0.014913686,0.020814743,0.019581334,0.232249069,0.026452408,154.1702128,5.777134492,37.4893617,37.41706991,0.488223872,0.003514445,-0.036535644,0.002532117,0.018473423,0.057524675,-0.028562946,0.004683964,0.046240772,0.003141628,0.043406406,0.028402639,0.058853326,0.009910923,0.108123351,0.006167924,-0.088376907,0.00574021,-0.026002572,0.00693121,-0.081786514,0.051995913,0.731552648,0.00526496,-0.054743406,0.003793149,0.027635834,0.086111101,23
288.9949749,1.383671786,309.080402,1.777460172,372.3316583,2.579500315,238.8190955,5.045266171,128.1758794,2.383827653,466.4221106,19.54591845,526.638191,21.83790786,531.7839196,15.58244544,236.039801,2.218961247,239.5721393,3.536029184,237.6268657,3.675260119,237.2189055,3.46723696,236.0348259,3.68184751,226.2189055,2.789789627,220.079602,3.183232163,211.6119403,2.353922674,84.31219073,36.31986242,71.06927575,37.72876738,69.62078273,35.84643435,114.560054,28.12706319,2.668006384,1.423003582,199.8269144,0.030478994,199.8298826,0.030580802,0.002968252,0.004768286,2.77728763,1.501619989,199.6448256,0.02639896,199.6533756,0.025312071,0.008550008,0.011992783,0.182088823,0.041591319,145.14,6.465322884,48.66,36.0525228,0.608198121,0.01002032,-0.034971264,0.00424481,0.265743432,0.129703486,-0.171188252,0.017208924,0.038328812,0.004185249,-0.262364878,0.140848072,0.414134348,0.050162322,0.129131799,0.002780806,-0.073796557,0.007774164,-0.0271022,0.011141205,0.810489223,0.5286791,0.911600549,0.015040834,-0.052399459,0.006360391,0.397411101,0.193986974,29
287.0298507,2.166939396,308.4776119,3.13553637,384.4079602,18.49654361,257.8159204,18.98103126,130.0049751,7.856611446,523.5373134,80.51000278,589.6169154,79.58203948,577.4776119,82.6072693,231.0746269,5.163920276,231.1243781,8.379045929,230.8656716,6.927978151,231.6268657,6.288667421,227.7711443,6.06083284,220.2487562,3.485265495,212.3134328,4.019389406,202.9850746,3.521755572,78.7327044,33.92984649,67.85804133,33.30246869,65.00224618,32.30790899,128.3207547,29.03581595,2.156599029,1.357771953,199.7807674,0.036256739,199.7836856,0.037131259,0.002918224,0.004415056,3.362192309,2.677145742,199.6380363,0.031744694,199.650366,0.033627962,0.012329633,0.014169994,0.142731092,0.057650851,139.75,8.119006665,64.82692308,34.45550149,0.635274498,0.030799348,-0.035035341,0.005055176,0.342427452,0.141450216,-0.205978689,0.047588219,0.04172305,0.006774171,-0.327227974,0.126061906,0.527337508,0.142116719,0.129957177,0.028622661,-0.080022529,0.012518064,-0.036046147,0.00826097,1.065815365,0.50698027,0.952243398,0.046247521,-0.052493492,0.007575154,0.512212921,0.211633311,27
286.9554455,1.824746029,300.8762376,4.646890763,308.0445545,4.193700491,194.0693069,2.296176011,106.1089109,3.395981872,263.0693069,4.489277491,285.3712871,6.633679991,297.9356436,3.820323043,225.6010101,2.493911574,229.0757576,3.537578665,229.4747475,3.813435669,227.969697,3.211263465,227.4141414,3.546260232,219.6919192,2.869384785,216.8535354,3.572306872,208.2272727,4.931230473,50.26135852,32.55123751,49.29824561,29.38413635,58.44129555,23.65131403,66.20737742,29.18972791,2.529324479,1.73956286,199.7029324,0.033771955,199.7046981,0.034258037,0.001765704,0.003610362,1.426084885,0.682969735,199.6094464,0.01156474,199.6233485,0.014706935,0.013902067,0.011884233,0.093485977,0.03805315,153.64,6.565851049,23.08,9.418789731,0.457807259,0.018263554,-0.023777335,0.003205283,0.055421599,0.078448262,0.038292282,0.014031439,0.028276049,0.003781143,-0.162552248,0.073011286,-0.073411391,0.025807107,0.084668046,0.008163704,-0.054970671,0.007164067,-0.012942516,0.007328206,0.407012174,0.21747596,0.685834929,0.027365445,-0.035625887,0.004802472,0.082806539,0.117189961,20
291.765,1.783192362,309.845,1.836021514,367.305,5.966739059,234.38,3.527832196,122.49,1.529673168,493.71,23.18460481,583.955,32.16928621,568.855,26.93610913,222.4545455,6.880322883,222.5707071,9.31993359,225.0656566,9.736982106,224.4393939,7.800794031,222.7171717,10.52178155,216.6515152,7.191800376,211.520202,8.118882838,204.5858586,7.650193238,116.9717108,60.86446262,113.3646161,65.31670601,114.7813202,65.93879577,146.4786709,46.40507951,4.461519089,3.422117802,199.9856706,0.06608934,200.0018529,0.122520005,0.016182254,0.116913875,6.379153753,3.975347535,199.6186178,0.065600033,199.6661567,0.117229046,0.047538911,0.108275182,0.367052791,0.095299068,156.78,11.78013582,87.08,39.39636531,0.652567758,0.013818942,-0.025580959,0.005549324,0.164897441,0.145395511,-0.226924646,0.021781902,0.03092044,0.004012682,-0.173187119,0.137257185,0.589071155,0.071138464,0.182303844,0.01070545,-0.059956588,0.00757712,-0.023839808,0.008453704,0.487279306,0.417482468,0.978158332,0.020748681,-0.0383276,0.008315461,0.24669158,0.217554792,40
284.8731707,2.281102043,299.5804878,3.018578208,307.995122,3.795372742,195.3121951,2.618898961,109.995122,0.929188269,272.9804878,15.88217623,283.2439024,19.20261731,289.7658537,21.89072205,234.36,1.565375354,236.48,2.64,236.645,3.319484147,235.87,2.858863411,234.41,3.304829799,224.075,1.519662792,218.835,2.996293544,211.005,3.225674348,29.45867026,4.493516227,33.04627134,3.229624362,46.42093441,3.98822303,26.62398922,3.609926851,2.629037655,1.302247175,199.4149847,0.027477141,199.4192348,0.028560218,0.004250183,0.004034469,1.982283246,1.682089362,199.2220563,0.035337156,199.2858162,0.009908016,0.063759918,0.031568648,0.192928391,0.054193176,152.8,6.039867548,0.06,0.237486842,0.439288155,0.026928645,-0.034359977,0.002356742,-0.271974412,0.07431687,0.042892129,0.026597083,0.039098579,0.002601006,0.109069212,0.083997284,-0.080967521,0.050530272,0.037127972,0.015338979,-0.075242695,0.004833876,-0.023416125,0.008518671,-0.186078391,0.141136433,0.658095954,0.040381967,-0.05148317,0.003531379,-0.405163133,0.110669112,25
288.3960396,0.934267415,313.5940594,2.474336466,362.6534653,10.275835,247.7227723,10.77595307,139.7128713,2.622585202,458.8019802,36.4074902,532.8712871,44.18764295,560.9207921,41.78864386,230.1959799,4.298741655,235.0100503,0.625986255,234.4874372,0.928928147,230.6080402,5.293129678,229.9095477,1.617075745,219.4623116,3.901724485,216.1407035,1.356281314,204.2462312,5.006997452,192.5197842,47.7627395,194.482464,49.80078712,195.8947842,50.43079425,187.5764388,48.42734956,2.062544748,0.937893415,199.3587984,0.030193484,199.3617594,0.030722519,0.002961049,0.003461483,2.54309195,1.045431925,199.0996532,0.035032637,199.1068382,0.031453328,0.007185049,0.009573254,0.259145229,0.016472863,160.5,6.3,91.62,51.52820199,0.582884878,0.024097287,-0.030865489,0.003546984,-0.021130888,0.034091531,-0.188303426,0.029618654,0.040719371,0.002485264,0.018015143,0.03075888,0.467093006,0.085478456,0.161117719,0.011897124,-0.078241411,0.004584286,-0.01489137,0.014531474,-0.033464574,0.064113881,0.873676377,0.036166118,-0.046246398,0.005314543,-0.031654106,0.051020574,29
290.8190955,1.726947866,309.9145729,1.391914445,332.8844221,7.101681345,214.0100503,3.229869935,118.9396985,5.25876936,382.6934673,20.44828033,425.5979899,26.41682112,436.4874372,17.43267287,205.66,11.48931678,204.76,11.8030674,201.915,14.20027377,200.21,16.33817309,197.74,15.73538687,193.775,15.8194303,180.605,15.80376458,170.285,16.3530968,223.0513977,11.20322438,227.154193,11.90898127,227.8187556,10.28833941,219.1938684,10.26077117,2.901990379,1.53073441,199.3620309,0.032307582,199.3673291,0.031495123,0.005298157,0.004985087,3.004188016,1.840364806,199.1562476,0.030887569,199.1662279,0.039002248,0.00998024,0.023486941,0.20578331,0.023916575,161.6458333,8.67344987,134.7291667,10.56673157,0.562458547,0.02089835,-0.045614318,0.005750865,-0.019306832,0.006609205,-0.12130147,0.024647197,0.056397143,0.009078349,0.017607336,0.007988573,0.277788981,0.060499008,0.111700042,0.0207058,-0.106632639,0.016287867,-0.067197275,0.048687798,-0.034475383,0.016574275,0.842912628,0.031344634,-0.068329886,0.008610278,-0.028927853,0.009900055,31
288.6766169,5.579805494,311.3532338,13.7822296,342.5472637,44.17140973,210.6019901,27.95146462,116.5223881,14.5023843,381.2338308,114.4129296,442.159204,133.3298552,419.4278607,120.3259504,104.1890547,9.914765089,100.7412935,9.359207365,100.8358209,8.082775153,102.3233831,11.17788775,97.48258706,9.734328918,118.8557214,10.14884645,124.1343284,10.82133813,129.0298507,10.19653167,80.63399281,25.43209387,76.66681655,27.04855173,62.67670863,25.17259267,144.7931655,25.18232844,3.130109725,1.916914468,199.7105551,0.038004575,201.9215987,2.741098472,2.211043552,2.740805509,7.87797359,4.708694997,199.5009265,0.075318217,202.4963473,2.780158258,2.995420845,2.776912425,0.20962866,0.060157807,103.3529412,48.95208683,108.1960784,59.84293809,0.56460346,0.073929747,0.120322801,0.05579465,0.409009532,0.133656587,-0.106285239,0.094212282,-0.102892754,0.05281383,-0.324100497,0.113541369,0.262934221,0.238729508,0.161733969,0.03948141,0.237106219,0.131288185,0.04484685,0.043471996,1.043311773,0.515966655,0.846119152,0.110994606,0.180075906,0.083499845,0.611937529,0.199915454,31
290.17,2.623185087,308.065,4.973004625,343.145,15.0490523,218.4,8.978864071,123.065,5.51459654,434.755,43.11467239,488.805,49.70288699,497.895,45.22470536,180.515,10.21566322,184.52,6.918786021,185.025,8.305683295,179.86,11.31416811,183.505,7.271861866,178.375,10.40261385,176.145,7.096053481,171.035,10.11749846,222.6812444,5.828772565,226.1393147,4.940582564,227.600541,4.092047278,217.465284,5.963589057,2.318565284,1.251171021,199.4177737,0.021052407,199.478469,0.365166979,0.060695267,0.364242581,3.179315857,1.671909254,199.189655,0.034220796,199.3087098,0.466884159,0.119054794,0.477312025,0.228118744,0.028756947,170.0784314,26.66410022,133.9019608,22.52428311,0.595017446,0.035570837,-0.020466579,0.005800597,-0.022880907,0.006576254,-0.172226844,0.044307482,0.024475243,0.008297859,0.019622748,0.005184614,0.42221325,0.114050976,0.123946937,0.023613672,-0.047651942,0.01594059,-0.011019464,0.033380686,-0.038439243,0.010026764,0.89179491,0.053373849,-0.030657199,0.008688753,-0.034282641,0.009852356,32
287.5721393,3.733140529,301.5074627,4.0630839,320.6467662,25.79732722,192.4626866,17.60116037,103.1492537,10.30614037,327.5920398,117.1327551,369.9253731,150.3864323,355.0995025,131.7797048,142.0454545,14.06596848,135.469697,13.77036017,134.1666667,12.49878782,135.0353535,13.1803252,133.9393939,10.62617141,136.4040404,9.345683595,131.0555556,6.206215884,130.8939394,6.108766977,127.2342342,55.16700361,127.0067568,60.12015334,128.0490991,63.59660187,152.3918919,37.54639805,4.226804441,2.927908374,199.2910028,0.059535569,202.304747,1.769754368,3.013744162,1.809080014,4.254584521,2.221202787,199.1386711,0.038112003,202.4119612,1.773643611,3.273290075,1.78454419,0.152331728,0.067855196,66.75510204,54.08139392,47.16326531,37.55395951,0.52475962,0.118240846,-0.009846465,0.018585887,0.133248046,0.160853915,-0.028783529,0.168732089,0.010096104,0.025767144,-0.132074771,0.139299468,0.124247014,0.375078279,0.107768601,0.064997425,-0.018700969,0.050554607,-0.037181488,0.039601913,0.368478387,0.403427778,0.786274312,0.177454983,-0.014744755,0.027827135,0.199331713,0.240664612,39
288.4577114,2.792928657,313.2587065,5.448331373,332.8955224,21.23439503,204.3482587,16.03783181,119.3134328,7.359041459,308.5124378,41.53498908,352.9154229,60.48722418,353.1094527,53.03352887,160.8955224,19.83825216,161.238806,19.63555225,160.4676617,18.2748556,157.2636816,19.02041648,158.7164179,18.59182346,160.8756219,14.82466188,156.4975124,12.34782974,154.4577114,11.80308808,150.9262921,67.88958621,150.767191,73.729452,151.2521348,75.85084581,169.1060674,47.10637719,3.047066231,1.821396638,199.2982581,0.033860801,199.5302992,0.59691749,0.232041089,0.618460826,3.301723595,1.484066951,199.1034358,0.026769627,199.377799,0.68619747,0.274363124,0.678847284,0.194822245,0.043048587,150.5,33.33657036,90.76923077,35.84990901,0.488378673,0.045474754,-0.005104492,0.022641345,0.111821149,0.189455052,-0.02262928,0.056304708,0.010815783,0.021133675,-0.110475209,0.170001604,0.052990595,0.116238565,0.138104734,0.04440302,-0.020529617,0.041647041,-0.025990387,0.017207984,0.34681361,0.520310541,0.73178733,0.0682488,-0.0076493,0.033904651,0.167239284,0.283447109,34
294.9095477,5.689791555,315.4924623,13.06145865,365.1658291,25.4605348,230.4221106,20.45052158,125.8040201,11.12906394,475.0452261,58.17175198,539.241206,71.17154667,532.8994975,76.68908677,165.2,15.10860682,159.23,17.63028928,160.675,18.17854161,166.065,16.45450622,161.8,18.58224959,169.35,15.97396319,164.01,13.58933037,167.42,10.98424326,105.6801802,42.26315525,97.80900901,46.40224162,91.31891892,47.8947241,151.9635135,29.57910485,3.991005082,2.074324004,199.1072181,0.042243521,200.1928709,1.718059931,1.085652771,1.738478129,4.275829152,2.581002742,198.9108256,0.037931316,200.606022,1.983339334,1.695196381,1.967395191,0.196392517,0.072808254,104.9387755,49.45433192,51.24489796,40.19063279,0.619118477,0.031213753,0.008520774,0.020041966,0.282149012,0.141631601,-0.188814864,0.048610919,-0.011951193,0.018916489,-0.247522218,0.122424626,0.474731401,0.153965775,0.134602849,0.044117842,0.024956326,0.03995882,-0.029848792,0.033524263,0.723124184,0.408484131,0.927972437,0.046844166,0.012756922,0.030010964,0.422215115,0.211931021,34
296.1330049,3.270564998,315.4778325,8.293462986,353.3103448,15.6811594,225.8472906,15.5779094,121.7881773,10.80181786,510.8374384,64.9790279,643.91133,83.90055115,610.8916256,83.09806705,89.49,12.02330653,90.01,11.31723906,90.295,13.1258514,90.21,13.18620112,89.225,13.66251715,107.69,10.12540863,113.615,7.077201071,119.945,6.273912256,97.10296763,19.85282427,97.30755396,19.21849511,66.61196043,14.27397834,185.5544065,18.50030887,4.738658434,2.083395739,199.2161352,0.042116183,211.6327792,2.192286372,12.41664398,2.208932799,4.532404044,2.30466789,199.0725468,0.036810999,211.9092999,2.127080047,12.83675308,2.121266289,0.143588333,0.052211821,75.67346939,19.81690451,64.69387755,20.60830433,0.679527619,0.029630407,0.124569289,0.052424577,0.475299092,0.074011739,-0.287144653,0.047385477,-0.118242497,0.04576533,-0.318315519,0.062450328,0.818221373,0.189716181,0.260310236,0.029504416,0.274047073,0.112818735,0.058402958,0.045432913,0.961137199,0.299762646,1.018618651,0.044469376,0.186374622,0.078408302,0.711507301,0.110724673,35
286.6633166,2.656595292,308.1959799,5.601218812,342.5125628,21.02447946,208.4170854,18.52560118,112.1306533,12.34565067,436.2211055,27.06165224,507.4824121,51.13680972,472.4522613,41.81685941,110.8756219,16.44134616,112.6517413,21.03013969,117.9701493,18.68910621,114.4676617,17.98092408,117.9701493,18.57910624,126.2885572,12.82667922,132.318408,8.299619931,130.9502488,8.330696843,164.3357336,32.26749934,169.2880288,34.76806048,166.7052205,49.87168919,189.0607561,13.9692474,5.457455541,1.710946534,200.514791,0.083688225,202.5195116,3.085758743,2.004720583,3.054491585,5.458264732,1.985834177,200.2614387,0.078265206,203.2696883,4.176413084,3.008249615,4.143733888,0.253352303,0.024585326,110.7647059,46.80857481,103.1372549,50.13472813,0.63742197,0.029645271,0.062391889,0.054967013,0.086953264,0.177360424,-0.192189781,0.039772477,-0.06246403,0.056500232,-0.065330155,0.104218346,0.481814735,0.121604695,0.161823532,0.0715326,0.141546638,0.137959984,0.05294108,0.062617577,0.170957422,0.280706359,0.955355606,0.04444846,0.093383957,0.082259613,0.130177783,0.265546229,30
303.470297,3.49987396,333.6089109,7.980205697,387.1039604,18.88039698,258.3564356,19.57927989,146.4207921,11.18902235,388.8069307,43.18618856,393.6930693,58.98141049,377.019802,48.28821889,76.52763819,4.276615149,76.84924623,1.3809133,78.91959799,1.8082913,75.56281407,5.041020089,76.48241206,2.712050572,97.66834171,5.063471783,106.6984925,8.581243291,110.6281407,6.364348886,84.24774775,22.26706997,86.47837838,22.05494737,62.17432432,12.5097356,165.4,25.42484775,8.181369712,2.528520852,202.4090746,0.147875228,217.6936266,4.176200986,15.28455196,4.239259364,8.241521541,2.177545598,202.2476417,0.137216411,218.1007308,3.198275242,15.85308907,3.245737941,0.161432928,0.030302006,49.94,23.52310354,42.34,23.12367618,0.453556517,0.036218621,0.163307449,0.046785282,0.453304176,0.074237381,-0.003120491,0.055279175,-0.147953016,0.040947044,-0.321734399,0.064401691,0.012241787,0.107900295,0.008266132,0.051213702,0.352679079,0.112234575,0.091757174,0.054827216,0.97665323,0.296253192,0.679700871,0.05435317,0.244299719,0.070011067,0.67843385,0.111123359,30
292.7727273,4.639952067,315.6919192,13.0241049,351.4191919,27.33501538,225.8484848,23.21435625,123.4141414,15.0480779,355.7070707,49.82996391,358.0808081,55.70986833,351.2373737,51.52354779,84.89393939,9.12560299,84.37878788,11.4804601,87.90909091,7.886301778,85.81313131,9.843750481,85.50505051,7.730790775,104.1969697,7.379098992,105.459596,7.607537719,111.0505051,7.644069118,153.5365635,43.10928172,156.8528488,43.5570496,157.2969942,50.01111312,179.8120233,21.22210768,2.815762332,1.440245025,201.6918637,0.034666488,209.6280144,4.153292431,7.936150676,4.157200112,4.22532841,2.61929266,201.4796085,0.062594771,209.766608,3.762863649,8.286999481,3.778477758,0.212255227,0.035105149,64.91836735,37.79203929,62.28571429,35.84091836,0.484041497,0.039390591,0.105258233,0.027746382,0.092427285,0.14168902,-0.004375908,0.049710159,-0.091516193,0.026917151,-0.086091123,0.10735333,0.013626919,0.096962428,0.004492465,0.047688472,0.203387738,0.064761993,0.012494957,0.027868568,0.224097901,0.306431559,0.725299445,0.059095855,0.157469221,0.041493935,0.138353006,0.212080444,30
298.3891626,0.866042916,325.9950739,5.099500156,375.3251232,12.15834402,242.0295566,13.72851167,133.4433498,7.789122933,399.8965517,31.73604403,417.1133005,43.45556556,394.3793103,23.90764178,89.61691542,10.42993741,90.65174129,9.83283713,93.26865672,11.02044516,94.31840796,14.3220982,91.24378109,11.5429233,108.8656716,11.66646193,110.6218905,8.417957494,113.8606965,11.80481804,157.245614,30.81431842,163.071525,31.80915897,161.7588844,43.47472398,185.4754836,15.6264654,2.967457531,1.845375934,201.5959489,0.028037751,208.972559,5.757810715,7.376610144,5.753444863,2.270497431,1.422982882,201.3850045,0.031930122,210.0195095,4.995221158,8.634505087,5.006930706,0.210944408,0.026647091,91.48076923,50.43026045,92.42307692,40.46049648,0.513510913,0.019764607,0.098288743,0.049856621,0.084969422,0.152620546,-0.050069834,0.038444376,-0.086961247,0.045608329,-0.071707156,0.094298571,0.108768146,0.082807254,0.040884977,0.028150732,0.196382409,0.118126472,0.019765414,0.041747241,0.179408147,0.246270047,0.76956352,0.029683998,0.147057568,0.074571816,0.127226387,0.228528563,30
297.415,1.607101428,320.095,6.07008855,367.33,12.34062802,235.155,10.051914,127.73,6.61567079,395.575,40.84928855,424.445,43.83225952,390.82,45.83784026,73.715,2.191751583,77.88,3.191488681,82.22,3.254473844,75.505,2.647635738,77.145,3.270164369,96.415,2.552013911,105.115,4.078207327,110.29,3.384656556,166.6690647,33.34963322,168.8304856,34.60868797,166.3884892,42.95495144,187.818795,18.10997547,4.162691417,2.133672414,201.4194807,0.062953432,209.6512813,3.682960489,8.231800613,3.678138218,3.492063349,1.841477187,201.2051717,0.051311003,210.5350741,2.657986973,9.329902344,2.658017355,0.214308929,0.025572854,34.63265306,24.21560795,28,21.0916368,0.535679962,0.020734551,0.153389143,0.031294894,0.075972771,0.126448587,-0.069757875,0.033713975,-0.122100175,0.032761252,-0.061856209,0.08065448,0.152873871,0.079922074,0.073216863,0.024856154,0.281420665,0.087333421,0.089998954,0.019494381,0.149531628,0.206323209,0.802789448,0.031130442,0.229454128,0.046817506,0.113755968,0.189334571,30
295.7910448,4.211583104,322.5820896,8.708346634,362.3781095,20.82589085,235.6766169,17.62121913,131.5422886,13.02349399,376.3631841,38.23015452,378.3631841,43.67852299,373.2338308,34.17019227,73.48019802,6.645336633,76.92574257,5.965198634,79.24257426,4.404719488,79.32673267,7.20850558,78.28712871,7.461898776,104.0643564,4.09307757,116.1683168,4.018692233,121.8415842,4.049771228,122.0552561,23.35070144,123.9690027,24.21419895,96.15813118,37.94088144,187.8539982,15.34906147,4.672146434,2.214740837,201.0973672,0.055777125,213.8508688,2.594019478,12.75350151,2.573118732,3.606108884,2.038498809,200.8955599,0.053735253,214.0619998,2.377625052,13.16643993,2.35344309,0.201807381,0.029441858,58.36538462,17.34494922,50.78846154,19.37418637,0.481743776,0.038927276,0.1961837,0.044219735,0.342289145,0.170846655,-0.01817682,0.042224721,-0.189228856,0.02968049,-0.210555095,0.084418781,0.040373462,0.077881959,0.00341848,0.035962636,0.470145928,0.091800153,0.116894435,0.030651272,0.561357638,0.263711851,0.721902456,0.058385272,0.293514312,0.066141494,0.512466137,0.255737456,35
292.585,3.323067107,319.5,5.896609195,364.485,11.51128902,225.55,13.97846558,131.415,6.85658625,372.275,22.44413899,387.565,19.11872838,345.07,31.40469869,92.07920792,5.909688585,97.48514851,6.71722164,101.3663366,5.729414762,99,6.804192068,100.4257426,7.443977611,116.960396,4.765637713,127.5445545,4.281030579,129.5148515,3.7194002,171.9063063,36.89304307,176.872973,35.98987707,175.2833333,45.61982926,193.9063063,11.73783656,4.194161074,1.77058235,200.6775257,0.046323577,207.7812501,6.268417346,7.103724338,6.26526942,2.436047784,1.160765502,200.4748028,0.028237592,208.4956941,5.866191582,8.020891246,5.871620768,0.202722908,0.029126852,87.59615385,41.67791318,79.94230769,40.33199411,0.493611643,0.003829395,0.119966319,0.028652669,0.069526034,0.145188671,-0.030350876,0.009272312,-0.11484984,0.0188696,-0.056270194,0.096071209,0.062795802,0.020293319,0.041737679,0.0125437,0.260549921,0.049100417,0.090867696,0.012876713,0.145200209,0.255872743,0.739703093,0.005729504,0.179551369,0.042867425,0.104095566,0.217381077,30
292.385,4.605081433,312.9,7.933473388,346.17,22.2144345,218.42,19.37146355,115.615,12.96135699,361.79,47.10600705,385.535,50.98979089,372.315,34.34757306,85.03980099,9.016204757,87.19402985,9.654590029,91.37313433,10.90506636,85.83084577,11.1681514,88.16915423,9.20421944,101.8706468,8.45257087,105.0547264,7.47945711,107.4129353,5.028637575,100.0423805,23.47776816,104.9788097,24.29828542,82.70739405,29.50038665,178.2601443,16.65077702,5.12550771,4.734176804,200.0510841,0.071845098,214.8045578,3.929588298,14.75347369,3.913983121,4.585145682,2.304289869,199.8507083,0.062833942,214.9532326,3.617900945,15.10252434,3.588560204,0.200375761,0.041849743,54.45098039,21.98066327,46.60784314,19.75941417,0.537769657,0.01061837,0.088799817,0.031016156,0.380574326,0.142962275,-0.050787043,0.031039702,-0.071847256,0.036029989,-0.267436811,0.095138264,0.109373831,0.072370463,0.06620528,0.037566636,0.158286305,0.089563817,0.032921507,0.040868948,0.776404581,0.363386081,0.805840277,0.015967036,0.132847922,0.046378102,0.569709191,0.213947483,29
285.0854271,5.818678872,307.2864322,8.694905043,321.4673367,21.44638491,196.2462312,20.03726863,107.0904523,9.861954677,283.361809,49.66976117,288.9296482,58.10461087,272.8743719,47.09190519,88.3030303,6.545033657,89.19191919,9.208227292,92.51515152,6.611687901,88.41919192,6.077864736,90.11616162,7.115329973,109.2070707,4.543010005,119.4494949,3.558312894,122.1414141,7.324388623,166.5148248,24.58799781,174.0552561,25.89490998,181.1972147,30.24957896,179.3450135,12.29144126,3.082135811,1.528829725,200.3809503,0.036183747,205.3090566,4.584218712,4.928106289,4.579422046,3.16379162,1.612979424,200.1717222,0.044880433,206.0486738,4.49270736,5.876951661,4.508167211,0.20922813,0.029321356,97,50.7485632,83.5625,45.09799804,0.4523931,0.045729811,0.14110697,0.043776293,0.002234905,0.083243487,0.061032917,0.063287037,-0.127962255,0.038553017,-0.020170394,0.063110124,-0.107842745,0.120754445,0.015903928,0.027612684,0.298321232,0.109854497,0.094545743,0.025409812,0.051178811,0.156226029,0.677723853,0.068627572,0.2111516,0.065483623,0.003327912,0.124645297,30
319.7727273,5.270832993,374.2828283,11.82963272,473.7323232,24.92846464,335.6262626,26.51475132,202.2121212,17.24644465,538.7828283,42.60635306,541.2575758,40.68776549,526.6060606,48.52674326,90.53233831,5.931633638,95.39800995,7.882267776,99.23880597,6.604889382,98.14925373,6.483627443,99.0199005,8.299109944,113.2835821,2.516449189,117.8109453,2.41143206,120.3880597,3.122484136,154.051259,37.23848958,153.3880396,41.14133891,145.0948741,50.76666267,185.7571942,19.22236974,3.108219908,1.731263441,200.9825018,0.027055449,212.1375745,6.662305746,11.15507272,6.663260338,2.420240641,1.639479082,200.7088744,0.039543521,213.6993877,5.293817401,12.99051328,5.292351285,0.273627438,0.037575295,71.10638298,35.74807481,66.23404255,35.26930602,0.455745769,0.032411728,0.088130837,0.043254299,0.149352526,0.145125635,-0.065710139,0.027531248,-0.086471835,0.033646343,-0.110227937,0.095478339,0.142500564,0.062352122,0.004979489,0.009831366,0.192353389,0.082535687,0.040137586,0.016724707,0.274876241,0.253988323,0.683157148,0.048588687,0.131886618,0.064720737,0.223611361,0.217262914,25
294.2985075,4.975606942,315.3681592,9.565889914,343.1940299,14.85710257,220.3830846,9.001244383,116.6616915,6.941473536,324.7114428,34.96176047,326.5572139,46.65452536,313.2985075,45.1482957,91.555,6.148737675,89.455,3.329861108,88.16,5.396702697,86.25,3.646573734,83.12,2.040980157,95.65,3.850649296,95.805,2.804812828,95.385,5.460473881,203.1757303,16.14507668,207.0480899,15.82394508,209.691236,15.43253355,203.6197753,9.150190761,3.157988304,1.900730387,200.9096194,0.038231834,202.2014645,2.384050143,1.291845169,2.382879608,2.822022711,1.516953947,200.7167706,0.049870755,202.7727014,2.419682029,2.055930786,2.441551949,0.19284874,0.036813293,123.92,47.01992769,103.78,37.35360224,0.467683446,0.063468031,0.07082421,0.013355082,-0.013601578,0.031829301,0.029536693,0.069170801,-0.042250842,0.031016825,0.00722133,0.028124657,-0.048669396,0.129664741,0.002145515,0.047899464,0.090414267,0.067466055,0.002256199,0.02189145,-0.012549063,0.064295687,0.700735781,0.095169304,0.10594038,0.019978787,-0.020380145,0.047671427,31
305.959799,3.954310918,346.0854271,11.3720869,414.1105528,19.96952047,284.0904523,21.31250746,170.5979899,15.47308235,463.4020101,29.67274092,483.5628141,31.27981712,472.6281407,23.29583421,78.15422886,8.17599292,76.67661692,11.00519554,82.5721393,6.206722395,81.33333333,8.955574896,81.29850746,5.738102358,107.8955224,4.551969652,117.3731343,5.430251969,127.1542289,7.688014483,105.0691824,13.25659655,103.878257,12.02404763,72.74573226,11.73808364,177.8773585,17.04941709,3.876472454,1.949931168,200.5775107,0.046067636,214.2194713,3.647043323,13.64196056,3.652463884,2.497184765,1.56522574,200.494873,0.027474527,214.9342232,2.676438401,14.43935019,2.670540124,0.08263773,0.048226386,44.75,21.33512362,38.38461538,18.58261579,0.478726105,0.027598394,0.182000426,0.033862477,0.419711277,0.079859687,-0.076857925,0.024286455,-0.174550783,0.042018901,-0.263285376,0.039898779,0.168002876,0.056609917,0.043702578,0.022012143,0.429414811,0.127561587,0.089180052,0.058881635,0.722886685,0.150650675,0.717538024,0.041359916,0.272312435,0.050659961,0.628304422,0.119544668,29
299.4577114,4.304279108,331.6666667,15.53725529,390.8656716,34.2845405,253.4378109,29.1635867,140.3980099,17.05947443,403.2437811,75.50865835,409.3681592,83.45883354,383.9552239,72.60143349,84.265,9.689415617,84.625,10.0361534,86.635,12.49767078,85.435,15.22254167,84.69,12.45407162,109.705,8.394520534,118.695,8.882115457,121.01,9.850883209,177.7114607,30.09071496,180.8813483,31.33306884,179.2085393,38.63411334,191.2826966,18.12470142,3.768064245,2.71526406,201.0891368,0.04089149,207.3069496,5.499002188,6.217812805,5.517702986,3.190458989,1.740064996,200.8632342,0.04912677,207.4199298,5.440048917,6.556695633,5.479800018,0.225902634,0.033437764,108.02,45.53920948,83.24,37.81669473,0.481220655,0.058433274,0.170712108,0.040590578,0.043185393,0.10333904,-0.013328455,0.071076255,-0.159606288,0.038752394,-0.033526967,0.063551233,0.037225615,0.141758063,0.012372415,0.035905104,0.384835517,0.108492508,0.082175465,0.013051535,0.079288926,0.151218226,0.721162862,0.087668279,0.255420934,0.060689119,0.064663464,0.154746658,31
298.59,1.874006403,336.835,3.308742208,383.275,12.6542236,245.18,9.623803822,143.485,5.319753284,345.125,42.642108,343.275,51.89604392,316.3,47.59117565,135.4120603,9.696450953,134.1407035,10.908035,131.2763819,11.53665755,128.9497487,16.08887026,128.4824121,13.62927835,133.9447236,15.85524848,126.9949749,13.65971868,126.0201005,15.36653016,207.9091727,20.66599809,211.6070144,21.36992746,213.1245504,20.47801615,206.0953237,14.88879327,1.592928256,0.759155647,200.956737,0.015671411,200.9873874,0.174512592,0.03065046,0.173707139,2.548963607,1.304969617,200.7428064,0.022294686,200.8027621,0.222168552,0.059955693,0.2280226,0.2139306,0.017935207,161.9387755,9.959936405,123.2244898,6.725720676,0.40587878,0.044426639,-0.00593054,0.00917359,-0.015181375,0.02851579,0.059231772,0.048843696,0.017612734,0.014393438,0.011354617,0.02670335,-0.107268857,0.099221667,-0.007819583,0.023160392,-0.034229904,0.027283356,-0.050261045,0.023688597,-0.02086704,0.060219506,0.608192778,0.066633425,-0.008877823,0.013732516,-0.022749083,0.042701095,36
303.549505,5.771217826,337.8415842,7.42251415,402.1584158,18.72718819,271.5594059,17.77886541,149.1831683,11.96947909,461.6683168,37.13894018,494.6782178,42.6551962,472.1930693,40.36562295,85.93532338,12.64874863,95.8159204,14.13970611,93.29850746,16.72607663,92.19900498,15.29836589,94.86567164,16.32892211,118.0149254,15.11497482,128.6069652,14.61512034,130.6616915,13.32879183,98.77412083,25.52439942,93.63570784,24.44001925,86.27998197,20.28679773,137.9084761,21.73224658,2.410946553,1.113422325,200.3126867,0.035332448,201.1926458,2.415183343,0.879959106,2.427205349,1.230553934,0.82342142,200.2861094,0.00965024,201.3306747,2.456975163,1.044565305,2.4565541,0.026577243,0.031687681,151.6078431,27.41766886,186.4705882,34.99375459,0.535937354,0.023576637,0.154567196,0.034378304,0.236421426,0.065354645,-0.101829506,0.024098495,-0.163204304,0.036569414,-0.200435368,0.068661973,0.22838215,0.060880419,0.071103087,0.013742432,0.394584477,0.103373697,0.091772334,0.022974003,0.521584967,0.237385946,0.8032792,0.035356881,0.231312718,0.051408013,0.353797558,0.097719377,31
318.275,4.09992378,371.085,8.603939505,440.2,17.05637711,331.015,19.67447013,224.41,15.05230547,461.47,15.47188095,462.445,10.87873959,474.57,12.5656317,176.2338308,7.146654908,182.9054726,11.62284677,188.6766169,9.782708906,189.800995,8.149730576,189.1243781,11.33126054,194.4477612,5.573436239,189.6069652,4.325068802,182.3482587,4.983366307,113.8092668,19.44399352,103.0899685,20.89185579,92.22222222,21.92872992,155.0895187,16.0599303,4.903416581,2.248768272,200.5708607,0.067804742,201.1557915,1.73686538,0.584930799,1.760427545,3.17189841,2.780627065,200.4019302,0.051537173,201.0269343,1.688158504,0.625004099,1.695463894,0.168930509,0.045722355,137.82,23.17558198,157.36,31.17226973,0.34721564,0.022401133,0.002076264,0.023942362,0.260818645,0.081203662,-0.024873934,0.011295658,-0.003021248,0.018925616,-0.20687303,0.064220187,0.051292616,0.023808075,0.002498647,0.014279197,0.006801201,0.039009399,-0.02461851,0.01536204,0.538773675,0.213926006,0.520443416,0.033566544,0.003108625,0.035863822,0.390407505,0.121514978,21
293.1330049,2.647992889,314.9261084,7.952411298,348.9261084,19.52538976,218.5862069,13.02011354,118.8423645,9.400491462,353.226601,57.7393317,387.3448276,68.25495027,341.635468,55.42727115,90.885,6.217859358,95.98,8.366576361,94.44,4.620216445,93.87,8.230012151,93.705,5.563090418,104.4,7.524626237,104.16,6.635842072,106.04,6.801352807,132.1762849,29.25861855,134.9783589,31.01937323,122.4918846,44.02196534,179.8142471,17.04446354,3.776412657,2.361428782,200.8110165,0.054557209,207.3556248,5.266089007,6.544608307,5.30176768,3.838718314,2.071884814,200.5694829,0.061208047,208.2677905,4.734054365,7.698307648,4.778104793,0.241533661,0.028286836,98.33333333,48.62246179,86,35.82583141,0.523038532,0.056312692,0.052689503,0.024886693,0.211712194,0.167808709,-0.044078113,0.070005767,-0.048505562,0.024841641,-0.151258579,0.100259612,0.102941893,0.146437819,0.094372681,0.028543921,0.10340542,0.055517443,-0.001002328,0.034731347,0.389596281,0.282431405,0.783776366,0.084494742,0.078834882,0.037238009,0.316976184,0.251226914,23
299.89,5.377536611,334.245,13.0742103,390.42,28.99316471,255.865,29.26750374,150.655,30.37294808,424.935,61.71515839,459.57,71.62195962,434.465,69.51272384,112.6780488,16.19074581,108.2585366,17.36990635,112.9073171,15.59037211,115.995122,15.89370103,112.0341463,17.90772568,135.6926829,9.574773518,139.7560976,5.055692217,144.7853659,4.564206499,179.420081,26.61000432,183.7892841,28.03820787,184.7663215,32.12354949,195.9500225,11.06038138,3.169019498,1.765169178,200.5598122,0.042372018,206.6152509,4.085857412,6.055438679,4.091295039,2.645758519,1.259167251,200.336509,0.039570783,207.1028448,3.834851295,6.766335836,3.85953839,0.223303223,0.03452342,79.80769231,45.72536683,71.26923077,43.49585099,0.505656594,0.060053402,0.115650155,0.067375841,0.037162721,0.088315171,-0.076096397,0.051673659,-0.110255133,0.056329116,-0.037472781,0.06912791,0.17154231,0.121923564,0.080694573,0.044327693,0.256652451,0.139364067,0.032602074,0.038263072,0.08989115,0.168014465,0.757850005,0.090025427,0.173111981,0.10083252,0.055651803,0.132257192,26
294.4527363,2.287540332,311.8557214,4.287443149,335.7462687,10.32796997,219.3681592,9.153950353,122.2487562,10.30566723,296.5273632,26.39426475,297.4875622,39.8242544,281.5174129,30.49787441,78.245,10.24963292,79.215,11.33837621,79.99,8.799426118,75.365,9.55781225,75.935,9.017803225,102.57,3.695280774,111.34,7.573268779,115.495,8.874681684,157.4802513,15.58399566,164.9627469,16.96156692,173.462298,19.74130076,169.7127469,12.91204464,3.658083974,2.088773214,200.8697645,0.057367522,202.4424408,2.932830168,1.572676315,2.945769453,3.526775722,1.832884666,200.6845523,0.055292812,202.5422885,3.173401207,1.857736206,3.193889497,0.185212173,0.022894099,134.0425532,40.73994195,129.893617,36.88581232,0.413289412,0.069316821,0.189804675,0.087457337,-0.008680382,0.058194003,0.063928949,0.05664534,-0.164424544,0.085196132,-0.01559079,0.041647318,-0.114556827,0.105725954,0.001493882,0.071036711,0.419389911,0.254159387,0.084788951,0.048146433,0.035814722,0.098244676,0.619197826,0.103894439,0.283945627,0.13083073,-0.013007684,0.087148381,20
288.7014925,5.266098064,314.4029851,12.45336739,326.5771144,31.97893078,209.4079602,28.64176987,126.1741294,18.05063435,259.9751244,71.10670545,257.6119403,70.56804808,236.1840796,73.94909467,133.405,5.510986754,135.44,7.007595879,135.445,6.133267889,134.045,7.784148958,134.435,6.205302168,139.115,7.999485921,135.115,5.390897421,133.31,5.139445495,182.3423181,38.41552472,186.8971249,42.32697691,191.3409703,43.33385619,185.1244385,28.86546333,7.371935807,7.5958477,200.6161573,0.099919962,200.7706071,1.028259498,0.154449768,1.017138681,6.158949602,4.444922567,200.402618,0.080698906,200.9521735,1.622462872,0.549555511,1.618361267,0.213539352,0.044752086,164.5686275,19.67605781,146.1372549,17.5923553,0.330614318,0.064233038,0.002657492,0.003954548,-0.003959581,0.074447023,0.130800654,0.073325665,0.001106834,0.005364153,-0.007195729,0.069041273,-0.223215928,0.125451233,-0.008564565,0.019850623,-0.002153836,0.010710612,-0.027704331,0.020887466,0.026492154,0.172924158,0.495270187,0.096338846,0.003978469,0.005920369,-0.005977645,0.111397872,28
306.9402985,1.917818493,346.1691542,3.204667582,428.1691542,9.147288089,298.2487562,7.031401561,170.5472637,6.973225624,497.8905473,17.24185467,523.6467662,29.11992021,496.039801,22.39510447,99.37373737,13.89868525,100.5808081,7.789596491,98.22727273,11.26915266,96.43434343,8.382475245,95.21212121,14.01606058,109.2777778,5.637053739,113.4141414,3.625136991,115.2676768,3.518216039,203.6147615,19.87728142,208.6044104,19.2365688,211.1876688,20.19222144,206.190369,9.594723504,1.965746204,0.893780762,200.0236373,0.025728413,200.870709,2.637863047,0.847071715,2.634227841,2.67677188,1.803951657,199.8008955,0.035473587,201.0393622,3.087967968,1.238466744,3.091565805,0.222741792,0.019091821,156.5510204,22.09262618,135.1632653,24.06568133,0.507458079,0.037373372,0.091829,0.059939055,-0.009710761,0.046723067,-0.099529508,0.026067004,-0.074507204,0.046275888,0.003932864,0.038301276,0.222884532,0.063061628,0.051172472,0.033880117,0.166358616,0.107003372,0.039194159,0.031838247,-0.004448148,0.088998625,0.760639944,0.0560356,0.137396385,0.08967807,-0.014553875,0.069977059,22
321.3417085,8.337950961,375.0301508,20.53136087,478.5326633,31.28355788,385.5226131,32.26598379,251.0100503,25.26621872,477.5678392,18.56278686,431.9648241,11.33162821,407.1306533,6.755828682,192.115,4.292059529,195.17,3.662116874,196.565,5.091735952,194.805,7.706294505,193.775,5.654588844,187.145,6.128945668,178.435,5.419019745,169.15,7.319665293,221.7125506,10.5612052,223.9590643,12.23641158,224.2775529,12.19834856,218.2159244,9.195931846,13.50806915,4.545365269,199.7938785,0.209116239,199.8056361,0.210876829,0.011757584,0.013296665,11.30458933,4.409092378,199.482834,0.15330624,199.5215921,0.136818266,0.038758087,0.053698632,0.311044464,0.108074511,160.3269231,12.92243302,128.9230769,12.01736909,0.266332006,0.041150968,-0.041230664,0.002137216,-0.013367201,0.011826528,0.050316916,0.029825185,0.048408472,0.002568634,0.012645497,0.011897537,-0.094308851,0.052996233,-0.094826233,0.024708348,-0.092335133,0.004679737,-0.04642989,0.008780066,-0.024686053,0.024635991,0.399203959,0.061676278,-0.061762922,0.003201051,-0.020028743,0.017718516,32
289.3913043,1.21047032,311.4830918,6.150170188,334.4154589,7.72419204,209.1980676,11.82539624,113.0676328,3.092028976,314.4782609,15.93520275,320.3188406,6.108897653,314.7777778,15.42251597,86.445,9.932621759,85.49,9.503152109,89.205,4.837662142,88.385,5.941950437,86.805,5.922581785,112.06,2.275170323,118.26,4.036384521,124.485,6.015793796,90.67477477,40.19699906,91.25,42.20322054,81.55855856,47.45517272,144.5833333,29.8132293,5.385162774,6.670967128,198.7020008,0.087299796,202.3616724,3.214831189,3.659671631,3.202822315,1.644310118,0.979348185,198.4535944,0.021334261,202.9535983,2.980697934,4.500003967,2.978960025,0.248406448,0.075809764,84.12,45.09396412,78.76,48.84283366,0.478158357,0.014433286,0.153935832,0.045106455,0.318699557,0.174994946,0.021479414,0.017949722,-0.14028168,0.037767237,-0.255739614,0.128389276,-0.041444756,0.034755088,0.021733026,0.064713736,0.330767888,0.100858388,0.055791091,0.042495763,0.760646066,0.430432554,0.716410936,0.021628091,0.230339766,0.067486195,0.476797809,0.261811757,26
302.0656566,6.901231944,338.7474747,9.390349048,407.5252525,16.23243009,269.7222222,12.46484394,156.6161616,9.407934617,456.7424242,66.52150346,472.7020202,72.07429595,440.5050505,82.55948253,93.03,21.40511855,98.33,22.40002455,100.82,20.56836406,92.575,21.71921672,100.2,20.80985344,110.625,18.27031404,110.135,15.4170936,112.025,13.78819695,215.397927,8.818832282,219.8544389,8.03451275,220.9346552,6.554500774,212.5853988,8.317563876,1.551464517,0.716267416,199.0841856,0.023297968,199.1670939,0.527017415,0.082908325,0.532165074,2.893597256,1.307068564,198.869028,0.042353924,199.1094016,0.731571342,0.240373535,0.74622627,0.215157547,0.023703687,161.4313725,16.83396998,138.2745098,11.15501897,0.496492636,0.055884585,0.053085774,0.041977279,-0.019417732,0.007456369,-0.068222537,0.06362137,-0.049555047,0.03705959,0.016854685,0.005292224,0.156363031,0.145431346,0.033901026,0.014588926,0.107509307,0.082921307,0.00061944,0.047060778,-0.033097179,0.010270215,0.744145843,0.083820181,0.079412892,0.062773835,-0.029092737,0.011171004,27.77591241
293.1407035,2.451602185,318.1457286,5.002900601,357.758794,13.32742329,237.9949749,11.35604569,127.160804,10.63341993,385.5175879,12.02670572,391.5929648,23.43214626,375.1909548,20.38655875,74.1010101,7.551165472,80.30808081,7.877280677,83.35353535,7.859643927,78.67676768,9.65760106,81.63636364,8.813390347,99.82323232,8.103750576,109.8636364,9.384954158,112.5656566,9.640677306,102.6278128,36.0907148,107.2268227,37.12788177,97.93474347,36.81435619,155.4293429,35.25402484,1.879860871,1.371763743,199.0372657,0.015485491,204.1758701,4.537163274,5.138604366,4.537720842,2.652842989,1.887501492,198.7865929,0.024932506,205.6549839,3.776027582,6.868391018,3.763863528,0.250672851,0.027192595,65.42,43.66100778,49.36,41.06519694,0.510176488,0.018922281,0.148165458,0.024944575,0.240720286,0.149092396,-0.04462836,0.014159127,-0.137402189,0.020094784,-0.201677217,0.113022954,0.093904354,0.032267135,0.015289568,0.040104879,0.319844651,0.054402704,0.100699056,0.034782255,0.557812262,0.377037904,0.764524357,0.028337691,0.221662914,0.037306077,0.360277928,0.223144855,18.63680556
305.0609137,5.603329791,343.8274112,8.875372868,409.0101523,18.30896423,278.5025381,16.01224923,162.6903553,12.48879938,438.1675127,40.32164287,451.4873096,51.9208309,440.3807107,52.35395188,98.2238806,11.29498752,103.3681592,11.67954291,100.0597015,12.55104673,90.37313433,13.04851547,92.31840796,13.40854816,97.78109453,12.06540389,103.1641791,12.6509949,96.19402985,12.4423912,201.2611436,27.78677202,205.6825754,27.33726534,207.858172,26.2729784,202.6933814,17.09643955,1.746088317,1.156135071,200.0333919,0.024580098,201.8398378,3.562038893,1.806445829,3.576084794,3.597431003,2.352079082,199.8394733,0.056693015,202.2395086,3.737749907,2.40003527,3.779561583,0.193918636,0.040402012,150.372549,42.18770418,106.7647059,30.28271249,0.467559558,0.039621442,0.056574462,0.028721965,-0.009103972,0.050071488,-0.046040841,0.046818432,-0.015424599,0.036645312,0.003560584,0.04573091,0.101390921,0.099240898,0.028069804,0.033704073,0.034188796,0.07677714,0.059046201,0.094675385,-0.001926241,0.113902006,0.700766146,0.05942469,0.084638912,0.042963824,-0.013648978,0.074970128,27.61111111
292.9751244,1.734742474,317.8258706,5.94707398,367.7363184,4.377136934,248.9402985,2.716527252,134.1890547,6.914119925,427.6766169,41.39254987,479.4726368,58.26052739,513.4029851,53.56710388,219.18,9.82586383,223.225,10.2237163,223.37,9.813414289,221.555,10.03478824,219.855,9.776705734,211.82,8.110955554,204.495,9.327377713,192.57,11.63937713,66.17467445,59.59731301,65.67355186,60.5119295,73.3726987,56.52154919,72.00853166,56.27617622,5.959753693,4.679323302,199.8374215,0.101031873,199.8427617,0.100583056,0.005340195,0.007691231,3.448695136,2.633714574,199.6394428,0.044946791,199.7553073,0.272295197,0.115864487,0.275760537,0.197978668,0.095577963,144.76,19.28684526,21.34,30.20636357,0.557629468,0.061034615,-0.036218331,0.001882973,-0.02470331,0.121837132,-0.127550248,0.067680034,0.044145816,0.002992261,-0.066990626,0.105883846,0.305521302,0.169345731,0.118385399,0.038355634,-0.084542987,0.005488392,-0.034754031,0.014557266,0.17416387,0.273201486,0.835764495,0.091531516,-0.0542634,0.002820577,-0.036757693,0.181877154,27.32638889
294.8232323,8.884447065,321.4090909,16.64147545,346.1565657,45.3322274,223.9191919,37.34771822,129.8838384,29.26803409,316.9949495,95.8138187,311.5808081,99.47179203,296.0909091,83.61215065,96.86,14.62635977,94.965,13.18232813,100.395,11.79529461,95.74,11.52919772,96.01,10.02346746,112.885,6.434421108,115.565,6.286157411,117.8,11.28583183,170.3276404,31.30104748,177.8323596,32.02256557,180.8296629,36.66587945,185.8723596,15.76301674,2.462045289,1.810158233,201.1849177,0.031987362,203.0219519,2.772079545,1.837034225,2.790607877,3.927531987,1.996635503,200.9468613,0.065377087,203.0010275,2.852749969,2.054166183,2.899779302,0.238056412,0.037832749,122.9,40.93910111,99.94,35.66477814,0.402320195,0.034577109,0.093991775,0.06317205,0.024063843,0.10262151,0.069842716,0.078948069,-0.072585984,0.068510594,-0.029610006,0.078401977,-0.119445219,0.150726413,-0.021020884,0.017202659,0.169329307,0.173420241,0.025403485,0.056282967,0.076649076,0.194006291,0.602763656,0.051962593,0.140649019,0.094519154,0.036019192,0.15366831,27.61111111
316.7673267,5.231314866,373.2425743,11.06665535,461.2128713,14.57582539,344.8217822,12.9357866,212.8811881,10.16866389,496.960396,15.78219375,471.1930693,12.39559773,467.3811881,3.850966521,195.8061224,13.1278316,197.0714286,15.834121,199.8979592,18.65338498,204.1989796,18.9372271,197.9081633,20.41462398,200.1071429,19.68226566,186.0765306,22.50327097,188.8010204,23.70043053,223.579658,10.35102626,229.0936094,7.957372062,229.8060306,6.584403167,219.210171,10.75646562,1.936154274,1.372750552,199.0687584,0.022795641,199.0720993,0.021896138,0.003340974,0.004506759,2.860774881,2.313005692,198.8662228,0.036377257,198.8722964,0.037245319,0.006073543,0.008493514,0.202535512,0.019736913,162.4230769,5.623939742,135.8846154,5.423076923,0.377696927,0.024127415,-0.031900067,0.010021816,-0.023991876,0.011144941,-0.010764873,0.02032543,0.037407759,0.016386125,0.022345305,0.008149318,0.022611037,0.041234315,-0.051646168,0.010728125,-0.071638046,0.030373673,-0.072050782,0.034485099,-0.043589414,0.015607313,0.566131224,0.036163103,-0.047784686,0.015003869,-0.035947068,0.016697273,27.775912
292.9751244,1.734742474,317.8258706,5.94707398,367.7363184,4.377136934,248.9402985,2.716527252,134.1890547,6.914119925,427.6766169,41.39254987,479.4726368,58.26052739,513.4029851,53.56710388,219.18,9.82586383,223.225,10.2237163,223.37,9.813414289,221.555,10.03478824,219.855,9.776705734,211.82,8.110955554,204.495,9.327377713,192.57,11.63937713,66.17467445,59.59731301,65.67355186,60.5119295,73.3726987,56.52154919,72.00853166,56.27617622,5.959753693,4.679323302,199.8374215,0.101031873,199.8427617,0.100583056,0.005340195,0.007691231,3.448695136,2.633714574,199.6394428,0.044946791,199.7553073,0.272295197,0.115864487,0.275760537,0.197978668,0.095577963,144.76,19.28684526,21.34,30.20636357,0.557629468,0.061034615,-0.036218331,0.001882973,-0.02470331,0.121837132,-0.127550248,0.067680034,0.044145816,0.002992261,-0.066990626,0.105883846,0.305521302,0.169345731,0.118385399,0.038355634,-0.084542987,0.005488392,-0.034754031,0.014557266,0.17416387,0.273201486,0.835764495,0.091531516,-0.0542634,0.002820577,-0.036757693,0.181877154,27.32166667
299.1940299,2.771059423,323.3233831,6.453037427,354.0895522,12.37321535,232.6865672,16.85986339,129.2835821,6.479526049,327.7313433,35.0541509,338.4079602,38.12251442,300.7512438,42.99991682,101.0298507,10.63969403,105.8358209,10.15540493,104.800995,8.839655055,97.29850746,9.244089022,101.5174129,9.47638832,109.1442786,7.522045848,112.5422886,6.02808128,109.4427861,6.753510987,215.7346206,8.043052117,218.6008083,7.756629291,218.7979344,6.485072164,212.5469241,7.164117743,1.40564594,0.631877445,200.1372883,0.015426455,200.7819026,2.18883752,0.644614376,2.182642264,1.980295687,1.022173827,199.9438275,0.02597644,200.7328761,2.37882129,0.789048684,2.387066638,0.193460797,0.024542715,149.7708333,27.2138442,119.0208333,22.86326164,0.444216038,0.039609716,0.052785051,0.023918824,-0.0145528,0.006642797,0.025492797,0.04917673,-0.036613517,0.022527542,0.014005608,0.005628672,-0.045201511,0.094190948,0.034024548,0.061922657,0.077146378,0.048604749,0.032221917,0.021908798,-0.027562221,0.011192453,0.665611434,0.059403373,0.078988189,0.035789166,-0.021803801,0.009952159,23.5
